humidity,temperature,nutrients,date,irrigation_time,duration,sensor_15,target
48.66,24.76,fosforo,2024-11-30,23:12,9,9,1
44.08,18.3,fosforo,2024-11-30,17:10,11,5,3
42.26,17.17,fosforo,2024-12-01,20:06,10,8,1
63.66,32.56,potassio,2024-11-30,01:31,12,7,3
75.28,30.73,potassio,2024-12-04,10:09,6,12,2
79.67,23.55,fosforo,2024-11-30,07:26,7,13,2
44.72,26.38,fosforo,2024-12-04,05:07,10,8,2
33.2,19.14,fosforo,2024-12-01,19:05,10,6,3
41.23,17.03,potassio,2024-11-30,22:24,15,7,3
54.73,25.55,fosforo,2024-12-02,23:44,15,12,1
53.55,33.83,potassio,2024-12-03,13:03,13,11,2
37.3,28.41,potassio,2024-12-01,04:26,7,14,2
67.89,29.12,fosforo,2024-12-02,07:00,15,3,3
66.32,34.98,potassio,2024-12-02,13:35,15,4,3
42.34,15.06,fosforo,2024-12-01,15:37,5,12,1
73.25,25.1,potassio,2024-12-02,03:29,8,7,2
64.96,30.42,fosforo,2024-12-03,15:49,12,4,1
52.49,23.74,fosforo,2024-12-02,13:07,11,10,1
49.37,33.26,potassio,2024-11-30,22:26,8,9,2
25.18,31.35,potassio,2024-12-02,10:00,11,6,3
43.5,20.09,fosforo,2024-11-30,18:14,12,15,2
20.59,33.54,fosforo,2024-12-01,07:32,8,1,3
72.93,23.42,fosforo,2024-12-03,17:54,6,13,2
63.52,29.83,potassio,2024-12-04,07:34,15,10,3
64.86,34.39,fosforo,2024-12-04,01:02,5,8,1
52.53,16.04,potassio,2024-12-01,05:25,7,4,3
49.28,23.22,fosforo,2024-12-03,13:00,11,8,3
70.03,25.47,potassio,2024-12-01,19:24,10,14,3
58.49,31.59,potassio,2024-12-03,17:25,10,13,3
23.23,29.7,potassio,2024-12-02,12:34,15,8,1
33.46,30.81,fosforo,2024-12-03,07:45,13,7,2
69.11,32.89,fosforo,2024-12-03,05:22,6,1,1
35.27,19.31,potassio,2024-12-04,13:19,9,12,2
40.68,17.87,potassio,2024-12-01,18:03,12,5,1
72.97,22.79,fosforo,2024-12-03,02:30,9,11,3
70.69,31.74,fosforo,2024-11-30,11:04,10,3,2
31.02,31.75,potassio,2024-12-03,07:37,14,2,1
20.38,25.79,fosforo,2024-12-03,01:32,9,7,1
20.73,30.44,potassio,2024-11-30,21:37,14,15,1
60.92,32.61,potassio,2024-11-30,17:07,13,11,3
24.32,16.54,fosforo,2024-12-03,03:21,12,15,1
27.86,25.28,fosforo,2024-11-30,00:23,7,13,1
57.01,25.96,potassio,2024-12-03,04:14,13,11,1
73.23,18.3,potassio,2024-11-30,15:53,8,2,1
35.03,28.78,potassio,2024-12-04,00:08,14,12,1
75.62,23.63,potassio,2024-12-04,07:52,15,14,1
60.09,18.18,fosforo,2024-12-03,11:13,5,14,1
64.75,22.33,fosforo,2024-12-03,18:25,11,8,3
35.79,29.86,fosforo,2024-12-02,21:32,7,9,1
20.19,31.29,fosforo,2024-12-03,19:16,12,4,3
51.94,26.68,fosforo,2024-12-02,15:10,11,14,1
63.01,29.19,fosforo,2024-12-03,04:15,7,4,2
50.47,34.41,fosforo,2024-12-02,09:13,6,7,3
35.62,33.55,potassio,2024-12-01,20:30,6,2,2
25.17,21.34,fosforo,2024-12-01,12:16,7,5,3
69.04,31.76,fosforo,2024-12-04,23:15,7,4,3
23.43,22.1,fosforo,2024-12-03,17:28,11,5,1
51.35,25.39,fosforo,2024-12-03,19:16,14,3,2
68.01,15.54,fosforo,2024-12-03,20:39,5,13,2
65.07,17.27,fosforo,2024-11-30,12:08,10,5,2
53.47,15.75,potassio,2024-12-02,17:50,9,3,1
74.7,15.99,potassio,2024-12-04,07:13,14,6,1
41.21,22.66,fosforo,2024-12-04,08:25,5,2,3
21.24,28.86,potassio,2024-12-01,03:31,7,1,1
49.19,16.45,potassio,2024-11-30,18:07,13,13,3
51.91,18.53,fosforo,2024-12-01,20:21,13,11,1
33.05,31.92,potassio,2024-12-01,18:31,9,14,1
43.98,15.92,fosforo,2024-12-03,13:18,6,6,1
47.88,32.34,potassio,2024-12-04,16:22,15,4,2
20.34,19.07,fosforo,2024-11-30,23:26,11,13,1
49.35,34.0,potassio,2024-12-04,15:22,7,5,1
71.98,27.26,potassio,2024-11-30,14:31,15,7,2
20.84,34.29,fosforo,2024-12-03,13:41,5,5,2
61.72,27.41,potassio,2024-12-02,05:25,13,9,3
32.56,19.91,potassio,2024-12-01,10:06,6,9,2
64.04,31.86,potassio,2024-12-03,11:58,11,12,3
56.73,29.19,potassio,2024-12-04,16:50,15,1,3
24.31,28.97,fosforo,2024-12-04,14:04,11,9,1
23.3,18.87,potassio,2024-11-30,04:09,11,4,1
74.5,19.49,fosforo,2024-11-30,02:06,14,9,3
73.58,21.04,potassio,2024-12-04,16:36,15,14,1
46.84,15.48,potassio,2024-11-30,23:47,7,3,1
37.17,19.82,fosforo,2024-11-30,21:39,12,9,3
65.49,31.37,fosforo,2024-12-01,01:00,12,10,2
30.06,32.42,potassio,2024-12-04,15:21,11,14,2
59.05,23.13,potassio,2024-12-02,14:31,5,5,1
42.12,18.39,potassio,2024-12-04,08:36,9,10,2
48.3,29.69,potassio,2024-12-04,03:28,14,2,2
77.28,18.14,fosforo,2024-12-01,02:57,12,7,3
65.39,30.44,fosforo,2024-12-03,18:20,5,3,3
38.97,30.31,fosforo,2024-12-01,03:20,5,3,3
41.27,24.27,potassio,2024-12-02,03:35,14,14,3
58.97,24.14,potassio,2024-12-03,01:59,15,1,3
38.86,26.77,fosforo,2024-12-02,06:49,5,1,1
69.15,27.15,potassio,2024-12-04,00:58,15,12,3
77.28,22.38,fosforo,2024-11-30,09:32,7,1,3
49.25,31.7,potassio,2024-11-30,03:09,7,6,1
65.9,20.37,fosforo,2024-12-01,16:49,9,1,1
26.36,19.11,potassio,2024-12-03,03:01,7,5,3
47.69,24.19,potassio,2024-12-01,14:40,9,1,2
52.49,22.57,fosforo,2024-12-03,19:37,6,4,3
47.49,29.34,fosforo,2024-12-02,13:28,11,10,3
42.55,34.06,fosforo,2024-12-04,10:41,9,7,3
76.08,32.22,potassio,2024-11-30,08:32,6,6,1
33.27,21.7,potassio,2024-12-01,19:35,8,10,1
43.7,16.95,potassio,2024-12-03,11:39,15,1,3
68.05,27.09,fosforo,2024-12-04,20:20,5,12,1
65.84,21.06,fosforo,2024-12-01,21:27,15,14,3
42.16,16.11,potassio,2024-11-30,11:25,6,2,2
39.91,27.42,fosforo,2024-12-02,17:08,8,6,1
35.42,23.69,fosforo,2024-12-03,10:46,10,15,1
33.27,24.1,potassio,2024-12-04,07:37,13,7,3
40.37,16.4,potassio,2024-12-03,02:13,6,13,2
66.77,18.09,fosforo,2024-12-04,03:03,12,8,3
29.73,25.57,fosforo,2024-11-30,22:57,6,8,2
55.26,34.04,fosforo,2024-11-30,00:47,5,10,2
69.48,23.71,fosforo,2024-12-03,07:55,6,9,2
51.54,16.08,potassio,2024-12-03,07:37,13,15,1
54.3,16.4,potassio,2024-11-30,18:11,6,5,1
53.74,18.27,potassio,2024-11-30,11:06,13,4,3
40.34,22.78,fosforo,2024-12-03,00:09,13,3,2
55.49,33.14,potassio,2024-11-30,05:17,11,7,2
70.94,33.43,potassio,2024-12-02,15:41,8,9,1
72.1,20.16,potassio,2024-11-30,20:21,5,2,3
34.81,29.95,fosforo,2024-11-30,14:39,11,5,3
42.04,31.6,potassio,2024-12-01,23:10,9,10,2
54.93,21.39,potassio,2024-12-03,18:05,13,13,1
59.64,27.4,fosforo,2024-12-01,08:47,10,10,1
56.18,23.09,potassio,2024-12-02,01:32,6,1,1
55.23,17.3,potassio,2024-12-04,00:07,7,13,3
76.41,34.76,fosforo,2024-12-02,20:28,8,13,1
51.62,23.4,fosforo,2024-11-30,10:52,9,3,3
42.49,34.63,potassio,2024-12-04,18:13,11,14,2
35.31,29.07,fosforo,2024-12-04,03:40,11,1,3
44.07,30.89,fosforo,2024-11-30,06:01,11,12,2
40.2,21.58,fosforo,2024-12-03,04:51,6,7,2
74.12,33.42,potassio,2024-11-30,03:13,6,12,1
72.74,18.75,fosforo,2024-11-30,21:55,5,2,1
40.51,29.56,fosforo,2024-12-03,16:31,10,4,3
25.17,19.4,potassio,2024-12-01,16:32,10,2,3
68.89,26.65,potassio,2024-11-30,14:59,7,14,3
73.81,22.78,fosforo,2024-12-04,19:45,15,10,2
78.66,27.79,potassio,2024-11-30,03:38,10,6,3
27.77,24.25,fosforo,2024-12-02,18:16,14,5,1
21.63,34.34,potassio,2024-12-04,15:29,11,3,1
25.44,24.15,potassio,2024-12-02,02:31,10,6,2
48.58,27.23,fosforo,2024-12-01,00:35,12,3,2
47.72,20.88,fosforo,2024-11-30,02:52,13,14,2
69.34,27.39,fosforo,2024-12-01,05:22,15,7,3
52.5,25.98,fosforo,2024-12-03,18:15,10,7,1
49.14,23.77,potassio,2024-12-03,00:09,10,5,2
26.38,30.29,potassio,2024-12-03,12:05,14,14,3
22.64,25.1,fosforo,2024-11-30,11:07,10,4,3
33.4,18.82,potassio,2024-11-30,21:57,6,5,3
53.77,30.5,fosforo,2024-12-04,14:11,5,6,2
45.56,34.24,fosforo,2024-12-01,22:28,5,5,1
58.54,30.34,fosforo,2024-12-02,18:21,11,13,1
65.0,21.16,fosforo,2024-11-30,12:56,13,6,3
38.06,28.95,fosforo,2024-11-30,22:10,14,1,3
79.93,16.6,fosforo,2024-12-01,10:43,10,5,1
30.05,32.27,potassio,2024-12-01,17:33,15,6,2
23.44,22.36,fosforo,2024-12-04,01:17,11,5,3
69.72,32.91,fosforo,2024-12-02,00:42,7,15,2
41.12,17.93,potassio,2024-12-04,10:03,7,4,3
42.7,15.16,potassio,2024-11-30,16:53,10,13,2
64.52,33.4,fosforo,2024-12-01,01:17,7,7,1
58.72,18.8,potassio,2024-12-03,23:19,13,7,2
72.39,33.17,potassio,2024-12-04,07:49,8,5,3
46.61,34.22,potassio,2024-12-02,11:05,9,14,3
29.48,26.56,fosforo,2024-12-01,07:30,5,6,3
72.59,29.22,fosforo,2024-12-03,19:22,12,7,1
37.61,27.92,fosforo,2024-12-03,23:47,7,12,1
77.21,29.73,potassio,2024-12-03,10:40,14,8,2
32.01,15.27,potassio,2024-12-01,15:32,15,2,1
38.37,31.16,potassio,2024-12-01,13:56,6,8,1
65.87,18.14,fosforo,2024-12-03,23:15,7,2,2
48.24,26.69,potassio,2024-11-30,07:13,15,13,3
68.7,32.79,potassio,2024-12-01,21:58,13,4,2
66.35,17.06,fosforo,2024-12-02,15:27,10,7,3
28.73,26.71,fosforo,2024-12-02,17:20,7,13,3
76.26,24.18,fosforo,2024-12-04,21:18,11,4,1
67.16,26.52,potassio,2024-12-03,06:25,14,9,3
28.9,17.56,fosforo,2024-11-30,14:20,12,8,2
21.94,23.88,potassio,2024-12-04,02:30,5,8,1
51.02,34.86,potassio,2024-12-01,08:34,14,3,1
68.65,26.25,potassio,2024-12-04,09:15,7,6,1
76.44,15.84,potassio,2024-11-30,16:42,15,6,2
25.08,31.22,fosforo,2024-12-04,00:06,6,7,2
20.76,25.58,potassio,2024-11-30,16:32,7,2,1
73.27,26.88,fosforo,2024-12-04,01:55,7,3,3
51.7,22.91,potassio,2024-12-03,22:40,15,13,2
36.87,26.39,potassio,2024-12-01,19:30,12,14,1
55.16,18.61,fosforo,2024-12-01,16:24,15,8,1
46.52,17.12,potassio,2024-12-02,12:43,9,5,2
60.76,25.84,potassio,2024-12-02,09:44,12,3,1
60.59,19.43,potassio,2024-12-01,03:12,8,9,1
30.95,24.89,potassio,2024-12-03,14:38,5,8,3
22.34,32.57,fosforo,2024-12-04,21:37,6,4,2
49.28,15.86,fosforo,2024-12-03,15:32,13,5,1
48.92,16.25,potassio,2024-12-04,08:26,11,12,1
69.09,19.02,potassio,2024-12-02,22:18,15,14,1
34.02,23.57,potassio,2024-12-01,18:27,11,5,3
48.1,18.33,potassio,2024-12-01,01:06,14,8,1
73.62,29.14,potassio,2024-12-04,03:01,9,1,2
54.15,18.22,fosforo,2024-12-02,03:24,10,8,2
70.5,34.05,fosforo,2024-11-30,15:41,7,12,2
63.12,23.43,fosforo,2024-12-02,06:02,15,3,2
74.37,19.19,potassio,2024-12-03,06:39,8,12,3
31.74,22.76,fosforo,2024-12-01,13:56,14,3,3
28.08,15.01,potassio,2024-12-02,06:11,8,7,2
65.16,28.75,fosforo,2024-12-02,03:55,11,10,1
47.23,32.6,fosforo,2024-12-03,16:49,10,11,1
39.23,21.63,fosforo,2024-12-04,19:25,5,5,3
75.78,27.78,potassio,2024-12-04,11:50,9,14,3
58.75,19.7,potassio,2024-12-04,20:55,15,15,3
42.81,27.31,potassio,2024-11-30,12:39,13,5,3
72.22,33.23,potassio,2024-12-04,12:38,13,6,1
35.91,28.39,fosforo,2024-12-03,00:48,12,12,3
54.54,21.23,potassio,2024-12-04,01:18,13,3,1
69.84,34.94,fosforo,2024-12-01,22:40,9,11,2
39.2,34.28,fosforo,2024-12-02,02:41,9,8,1
55.41,31.63,fosforo,2024-12-04,10:46,10,12,2
36.25,16.74,potassio,2024-11-30,09:33,5,12,1
32.15,22.97,fosforo,2024-11-30,15:27,10,3,1
20.18,25.48,potassio,2024-12-02,03:54,14,15,2
76.08,25.27,fosforo,2024-12-02,18:57,9,3,3
37.9,26.6,fosforo,2024-12-01,05:51,15,2,2
22.15,30.47,potassio,2024-12-03,09:39,14,1,3
40.64,28.6,fosforo,2024-12-04,10:23,8,6,1
53.91,27.35,potassio,2024-12-01,09:15,5,9,1
67.88,26.29,potassio,2024-12-01,15:27,9,4,1
23.84,18.66,fosforo,2024-12-04,17:37,8,13,3
67.5,19.48,potassio,2024-12-02,18:23,6,12,3
72.55,17.34,potassio,2024-12-03,10:54,5,7,1
42.26,32.93,fosforo,2024-12-01,17:58,11,14,3
47.22,17.42,fosforo,2024-12-02,09:57,13,15,3
26.34,23.96,fosforo,2024-11-30,20:08,10,10,1
36.15,29.56,potassio,2024-12-04,04:39,6,9,2
37.11,15.88,fosforo,2024-12-04,17:29,8,10,1
77.94,29.45,fosforo,2024-12-03,20:50,7,14,2
59.33,28.69,fosforo,2024-11-30,17:11,8,15,1
78.45,27.39,fosforo,2024-12-02,05:20,7,9,2
63.68,25.82,fosforo,2024-12-03,10:33,10,3,3
75.67,17.12,potassio,2024-12-04,19:01,10,13,2
40.45,29.31,fosforo,2024-12-02,17:32,12,13,3
75.14,26.95,potassio,2024-12-02,18:48,15,13,2
21.09,18.18,fosforo,2024-12-02,07:38,11,1,1
31.43,25.38,potassio,2024-12-01,10:11,14,7,3
76.26,25.76,fosforo,2024-12-04,07:00,5,4,1
24.2,33.84,potassio,2024-12-01,09:23,9,10,2
47.32,17.71,fosforo,2024-12-01,04:59,15,14,3
75.45,22.36,fosforo,2024-12-03,18:16,5,14,3
25.01,33.5,potassio,2024-12-03,20:35,14,10,1
56.2,19.01,fosforo,2024-12-01,19:17,9,7,1
42.14,26.92,potassio,2024-12-04,15:09,9,8,3
53.75,17.56,potassio,2024-12-04,01:23,15,6,1
48.72,27.07,fosforo,2024-12-02,20:13,8,12,1
35.07,18.39,fosforo,2024-12-02,02:33,8,3,2
28.23,19.25,potassio,2024-12-02,20:49,14,12,3
37.37,34.56,fosforo,2024-12-03,22:29,10,13,3
53.63,23.0,fosforo,2024-12-02,09:58,12,2,2
20.34,21.88,potassio,2024-12-04,04:39,13,7,3
65.47,29.22,potassio,2024-12-02,18:55,14,7,2
70.73,31.14,potassio,2024-12-04,21:00,7,2,2
39.56,32.48,fosforo,2024-12-01,12:00,12,13,3
39.36,28.35,potassio,2024-11-30,23:26,9,15,2
33.93,33.48,fosforo,2024-12-01,12:14,5,13,2
38.85,18.54,potassio,2024-12-04,03:28,10,11,2
79.56,33.67,potassio,2024-12-03,07:03,13,4,2
21.53,33.03,potassio,2024-12-03,21:07,6,13,1
57.0,25.11,potassio,2024-12-01,08:08,13,6,3
53.37,28.65,fosforo,2024-12-02,22:06,15,12,1
33.5,22.6,fosforo,2024-11-30,23:38,11,14,1
72.4,25.21,fosforo,2024-12-01,20:56,15,12,2
38.29,17.95,potassio,2024-12-01,10:14,10,9,3
20.76,31.7,potassio,2024-12-01,06:42,14,8,3
79.83,32.61,fosforo,2024-12-04,18:13,5,12,2
70.21,32.42,fosforo,2024-12-03,01:08,10,1,2
32.68,25.96,fosforo,2024-12-01,22:15,11,1,1
30.69,25.62,potassio,2024-12-04,17:56,8,6,1
53.52,21.6,potassio,2024-12-03,04:34,11,10,3
78.13,23.38,potassio,2024-12-01,14:00,8,13,1
50.73,23.94,potassio,2024-12-02,01:49,10,6,3
41.52,17.71,fosforo,2024-12-04,17:56,11,9,1
52.06,25.04,potassio,2024-12-03,13:03,11,9,2
36.36,17.88,fosforo,2024-11-30,23:15,6,10,3
29.28,18.45,fosforo,2024-12-03,13:00,8,14,2
77.99,33.05,potassio,2024-12-01,16:37,15,11,1
66.69,20.46,potassio,2024-12-04,01:45,7,8,1
73.67,28.34,potassio,2024-12-01,05:02,6,14,2
63.47,28.73,potassio,2024-11-30,15:51,6,5,1
57.75,16.27,potassio,2024-12-01,06:28,14,11,3
39.59,27.29,fosforo,2024-11-30,11:55,11,8,1
34.98,23.86,potassio,2024-12-01,17:24,12,6,1
71.11,32.02,fosforo,2024-11-30,11:47,15,11,1
30.6,31.58,fosforo,2024-12-02,02:19,8,12,1
75.34,26.32,fosforo,2024-12-03,06:26,9,7,2
43.27,26.22,potassio,2024-12-01,04:54,6,7,1
33.45,31.79,potassio,2024-12-04,00:24,7,9,2
50.78,19.52,potassio,2024-11-30,12:53,8,15,2
34.64,23.62,fosforo,2024-12-01,09:32,12,8,2
29.94,22.3,potassio,2024-12-02,15:12,10,12,3
28.25,23.19,potassio,2024-12-02,04:39,8,15,3
65.94,28.64,fosforo,2024-12-01,18:17,7,2,1
23.85,33.05,fosforo,2024-12-01,14:57,9,3,3
36.54,20.53,fosforo,2024-12-03,15:37,12,5,2
62.54,19.39,fosforo,2024-12-01,22:43,12,10,1
70.95,34.69,fosforo,2024-11-30,17:13,6,6,1
42.77,23.77,potassio,2024-12-01,14:28,5,6,1
69.23,18.94,potassio,2024-12-03,22:45,7,4,1
38.36,29.91,fosforo,2024-12-03,09:17,14,7,3
30.59,34.91,potassio,2024-12-02,14:19,11,11,2
62.05,15.53,potassio,2024-12-02,08:21,5,6,1
76.58,32.81,fosforo,2024-12-03,09:20,10,3,1
46.64,34.39,potassio,2024-12-02,03:09,13,3,3
26.99,15.75,potassio,2024-12-04,17:11,8,2,3
22.34,24.24,potassio,2024-11-30,08:09,15,10,1
76.21,21.89,fosforo,2024-12-01,16:44,7,15,3
52.67,18.91,fosforo,2024-12-01,06:19,14,3,3
53.8,21.12,potassio,2024-12-03,22:16,13,13,3
70.04,30.05,fosforo,2024-11-30,22:16,8,8,1
27.23,15.15,fosforo,2024-11-30,05:01,9,9,1
45.14,25.92,potassio,2024-12-04,18:48,5,8,3
39.59,27.74,fosforo,2024-12-02,05:31,5,2,2
46.35,15.87,fosforo,2024-12-04,14:57,12,1,2
76.32,22.04,fosforo,2024-12-02,19:13,13,15,3
63.56,23.34,potassio,2024-12-01,10:05,5,13,1
53.04,22.65,potassio,2024-12-03,08:05,12,3,2
36.8,27.22,fosforo,2024-11-30,06:54,8,3,1
38.06,25.93,fosforo,2024-12-01,19:33,10,12,1
68.08,32.42,fosforo,2024-12-03,20:36,13,8,1
67.69,24.01,potassio,2024-12-01,01:00,11,4,2
79.5,29.85,potassio,2024-12-02,07:55,5,12,1
61.62,26.44,potassio,2024-12-02,13:49,13,11,2
60.39,17.74,fosforo,2024-12-03,06:52,8,9,2
38.99,30.78,potassio,2024-11-30,10:35,11,10,1
72.08,18.7,fosforo,2024-12-01,16:45,7,9,2
75.93,24.19,potassio,2024-12-03,19:30,6,11,2
25.94,32.59,fosforo,2024-11-30,17:52,14,2,2
24.48,26.54,fosforo,2024-12-01,17:45,15,7,2
48.74,25.77,fosforo,2024-12-03,08:28,6,8,1
49.66,24.78,fosforo,2024-12-03,08:43,6,14,1
39.31,30.7,fosforo,2024-11-30,14:54,13,4,3
27.58,15.93,potassio,2024-11-30,03:52,13,15,2
74.48,29.49,potassio,2024-12-02,01:37,14,1,2
28.95,29.29,potassio,2024-12-04,02:08,12,6,1
20.26,21.28,fosforo,2024-11-30,14:35,7,1,3
79.03,27.06,potassio,2024-12-02,10:40,9,15,2
64.47,16.17,potassio,2024-12-02,00:21,14,11,3
43.19,17.35,fosforo,2024-12-02,19:53,5,10,2
22.79,24.45,fosforo,2024-11-30,10:51,11,10,2
32.77,22.91,potassio,2024-11-30,04:11,11,9,1
26.66,21.21,potassio,2024-11-30,07:49,9,14,3
73.01,17.93,fosforo,2024-12-01,13:27,6,2,3
61.71,29.66,fosforo,2024-12-04,22:18,14,13,3
51.97,29.08,potassio,2024-12-01,04:10,15,11,1
77.87,19.78,potassio,2024-12-01,14:37,13,5,1
64.12,16.11,potassio,2024-12-02,02:26,11,12,1
78.72,24.93,fosforo,2024-12-01,06:18,6,9,3
34.43,18.75,potassio,2024-12-03,23:23,7,2,3
50.65,22.21,potassio,2024-12-01,01:17,13,13,3
54.91,20.7,fosforo,2024-12-04,04:19,9,6,2
57.49,26.04,potassio,2024-11-30,13:30,5,5,3
76.84,27.87,fosforo,2024-12-02,16:07,14,5,1
45.68,18.62,potassio,2024-12-04,21:31,5,5,1
22.74,30.29,fosforo,2024-12-03,10:11,12,14,1
72.88,18.64,fosforo,2024-12-04,23:23,11,1,1
53.62,32.1,fosforo,2024-12-02,14:05,13,4,3
30.17,29.52,fosforo,2024-12-04,03:32,15,12,2
68.52,24.59,fosforo,2024-11-30,20:12,13,4,2
64.11,34.73,fosforo,2024-11-30,20:00,15,6,1
20.91,28.83,potassio,2024-12-02,11:00,9,4,3
51.84,33.74,fosforo,2024-12-03,16:29,15,12,1
73.76,24.71,fosforo,2024-12-04,01:22,9,12,3
72.24,27.91,potassio,2024-12-01,01:58,5,4,2
55.62,27.47,fosforo,2024-12-03,19:52,7,9,3
73.32,23.94,potassio,2024-11-30,08:14,13,8,2
56.6,18.33,fosforo,2024-12-01,17:54,14,15,2
42.95,18.39,fosforo,2024-11-30,09:24,7,5,2
69.4,23.81,fosforo,2024-11-30,01:48,8,12,3
57.6,26.74,fosforo,2024-12-04,16:28,12,9,3
73.91,25.21,fosforo,2024-12-03,05:32,7,7,2
33.09,24.32,potassio,2024-12-02,11:53,7,12,1
54.48,20.81,potassio,2024-12-02,09:25,5,3,3
43.2,23.03,potassio,2024-12-02,22:57,10,8,3
63.53,24.61,fosforo,2024-12-02,22:17,15,5,1
76.43,34.64,potassio,2024-11-30,13:21,12,12,3
27.91,19.48,fosforo,2024-12-03,13:19,14,7,1
69.1,20.65,fosforo,2024-11-30,18:26,9,3,1
23.28,16.99,fosforo,2024-11-30,08:16,14,4,3
40.65,34.09,potassio,2024-12-04,20:09,10,6,2
58.09,26.09,potassio,2024-11-30,18:53,14,5,2
30.98,24.98,fosforo,2024-12-02,19:00,15,12,1
73.69,16.04,potassio,2024-12-02,21:41,9,12,3
40.25,24.86,fosforo,2024-12-04,04:46,5,5,1
26.72,17.8,potassio,2024-12-04,07:12,11,13,3
23.11,17.71,potassio,2024-12-01,13:04,15,6,1
45.96,23.16,fosforo,2024-12-01,00:54,7,5,3
77.12,24.07,fosforo,2024-12-02,13:36,15,1,1
49.49,26.07,potassio,2024-12-03,03:23,7,3,3
70.35,30.29,fosforo,2024-12-03,12:43,7,1,2
43.54,16.71,fosforo,2024-12-01,01:24,5,4,3
57.16,31.13,fosforo,2024-12-01,18:32,15,13,2
29.98,15.75,fosforo,2024-12-02,17:05,14,12,2
62.71,19.07,fosforo,2024-12-02,03:29,6,11,1
41.25,24.68,potassio,2024-12-01,13:41,6,4,1
77.18,21.76,fosforo,2024-12-02,16:04,13,9,3
71.92,33.35,potassio,2024-12-04,02:57,5,9,2
48.33,33.93,potassio,2024-11-30,06:11,10,2,3
71.79,31.12,potassio,2024-12-01,06:51,15,10,3
51.17,33.56,potassio,2024-12-01,13:02,5,6,2
78.96,28.45,fosforo,2024-11-30,21:42,11,5,2
45.44,28.69,fosforo,2024-12-01,13:13,5,7,2
61.94,30.65,potassio,2024-12-03,10:45,15,13,2
65.37,25.02,fosforo,2024-11-30,14:17,14,9,2
76.89,25.11,fosforo,2024-11-30,13:00,10,10,1
51.71,22.87,potassio,2024-12-01,03:38,13,15,2
65.08,16.13,potassio,2024-12-02,04:24,14,4,2
72.22,34.1,fosforo,2024-12-03,01:48,12,11,1
45.23,31.06,potassio,2024-12-01,21:06,11,2,2
40.01,18.06,potassio,2024-11-30,10:11,15,7,3
35.53,15.38,fosforo,2024-12-01,02:25,5,14,2
63.85,34.02,potassio,2024-11-30,09:24,6,7,2
25.73,18.12,potassio,2024-12-03,20:19,5,12,3
65.29,23.74,potassio,2024-12-04,15:24,13,11,1
74.24,23.56,fosforo,2024-12-02,10:26,11,2,2
62.92,27.63,potassio,2024-12-02,10:43,14,3,2
69.38,18.75,fosforo,2024-11-30,19:35,8,5,1
57.04,31.75,potassio,2024-12-02,09:20,11,8,3
76.53,33.34,potassio,2024-12-03,10:22,9,15,1
34.92,34.76,potassio,2024-12-02,03:14,10,11,2
28.55,18.77,potassio,2024-12-03,01:52,7,9,3
23.25,34.29,potassio,2024-11-30,02:35,6,4,1
74.64,16.13,potassio,2024-12-02,19:07,6,5,1
46.63,17.86,fosforo,2024-12-03,17:11,7,5,2
20.33,30.6,fosforo,2024-12-04,08:13,9,1,3
72.85,15.77,fosforo,2024-12-03,05:25,5,13,1
39.99,24.61,potassio,2024-12-04,01:48,8,8,1
70.15,20.66,potassio,2024-11-30,23:53,6,3,2
69.06,34.53,fosforo,2024-11-30,04:27,5,3,1
28.25,24.56,potassio,2024-12-03,04:23,6,7,3
36.44,28.9,fosforo,2024-12-03,19:32,12,14,1
28.67,24.21,fosforo,2024-12-02,22:04,10,2,1
66.28,17.24,fosforo,2024-12-02,15:05,13,1,3
25.08,15.52,fosforo,2024-12-04,09:09,13,3,2
68.86,31.24,fosforo,2024-12-02,22:38,6,6,3
51.48,21.5,potassio,2024-12-04,22:25,15,2,3
35.29,21.99,fosforo,2024-12-03,07:03,13,15,1
23.7,30.18,potassio,2024-12-01,10:50,15,9,3
71.71,26.13,potassio,2024-12-01,06:51,8,6,2
72.56,23.54,potassio,2024-12-01,19:47,10,6,3
42.69,28.83,potassio,2024-12-03,03:00,5,7,2
29.1,28.13,potassio,2024-12-01,01:27,13,6,1
56.17,33.3,potassio,2024-11-30,02:06,8,2,3
66.0,27.63,potassio,2024-12-01,21:08,6,11,1
72.76,25.82,fosforo,2024-12-01,12:36,14,5,2
69.27,22.38,potassio,2024-12-01,08:05,7,11,3
40.88,33.05,potassio,2024-12-02,20:02,6,4,3
78.19,19.76,potassio,2024-12-01,19:51,15,5,2
55.63,33.71,potassio,2024-12-03,02:20,6,11,2
52.12,26.59,potassio,2024-12-01,13:24,8,5,3
56.44,34.16,fosforo,2024-12-02,04:17,12,6,1
62.68,31.49,fosforo,2024-12-02,19:12,15,3,2
29.98,22.27,fosforo,2024-12-04,11:52,8,9,1
64.02,33.05,potassio,2024-12-02,02:27,14,4,2
30.93,25.94,potassio,2024-12-03,12:35,11,5,3
21.55,32.62,potassio,2024-12-02,09:48,11,1,1
73.19,21.72,fosforo,2024-12-02,01:16,8,7,1
29.86,30.96,fosforo,2024-12-02,07:23,13,6,1
41.01,28.85,potassio,2024-12-02,19:53,14,13,1
33.67,31.85,fosforo,2024-12-03,00:40,7,10,3
72.58,18.17,potassio,2024-12-01,06:05,11,8,2
66.97,15.39,potassio,2024-11-30,04:34,7,13,2
29.04,31.19,fosforo,2024-12-04,22:14,9,12,1
45.64,26.3,potassio,2024-12-02,18:23,7,3,3
42.4,17.33,fosforo,2024-12-03,09:05,15,8,1
35.59,30.87,fosforo,2024-12-04,06:32,7,3,1
76.26,25.69,fosforo,2024-11-30,22:06,14,3,3
38.82,31.23,potassio,2024-12-03,18:19,15,3,1
42.53,32.84,potassio,2024-12-03,14:22,14,14,1
20.16,17.9,potassio,2024-12-03,14:16,7,5,2
40.37,20.28,fosforo,2024-11-30,04:47,11,9,1
56.81,24.37,potassio,2024-11-30,18:40,11,9,2
66.08,23.98,fosforo,2024-12-03,15:14,11,9,2
51.04,27.06,potassio,2024-12-03,19:38,6,5,2
63.7,17.09,potassio,2024-12-03,15:31,11,12,1
79.13,25.99,potassio,2024-12-03,04:09,5,3,2
48.14,22.56,fosforo,2024-11-30,08:24,11,3,3
33.0,30.35,potassio,2024-12-01,21:07,10,2,1
40.53,23.15,potassio,2024-11-30,15:39,11,9,3
46.33,25.35,fosforo,2024-12-02,06:25,14,1,3
42.12,24.74,fosforo,2024-12-01,04:20,8,6,1
61.96,31.64,fosforo,2024-12-01,22:36,8,14,3
70.51,27.07,fosforo,2024-12-02,15:35,5,11,1
45.49,34.85,potassio,2024-12-02,03:30,14,4,3
69.29,19.26,potassio,2024-12-02,23:00,10,1,1
36.29,16.63,potassio,2024-11-30,15:29,12,2,3
68.07,16.81,potassio,2024-12-02,03:11,10,7,2
46.69,25.65,potassio,2024-11-30,18:05,12,2,1
35.69,29.42,potassio,2024-11-30,04:21,11,11,2
44.72,24.46,potassio,2024-12-02,01:00,5,8,3
52.55,24.85,potassio,2024-12-04,10:41,11,4,1
72.16,16.78,potassio,2024-12-04,20:04,13,10,1
41.89,16.65,potassio,2024-12-01,07:01,8,3,1
31.19,17.27,potassio,2024-11-30,08:26,11,10,1
65.53,24.51,potassio,2024-11-30,20:44,6,1,1
63.82,22.96,potassio,2024-11-30,13:02,6,8,2
30.0,24.3,potassio,2024-12-02,05:23,14,8,3
77.45,32.81,potassio,2024-12-04,18:48,13,12,3
21.34,30.88,fosforo,2024-12-03,17:37,13,8,2
75.76,31.98,fosforo,2024-12-02,05:24,15,14,2
68.5,34.68,fosforo,2024-12-01,05:00,5,15,1
78.62,18.98,potassio,2024-12-01,10:54,9,8,2
27.46,27.02,fosforo,2024-12-01,14:38,11,1,1
56.22,28.4,fosforo,2024-12-03,11:58,15,14,3
59.74,15.13,potassio,2024-12-04,00:05,14,11,2
30.41,20.23,fosforo,2024-11-30,19:54,11,11,2
21.36,17.34,potassio,2024-12-02,04:02,14,3,3
77.84,25.47,potassio,2024-12-01,10:19,7,8,3
76.23,32.6,fosforo,2024-11-30,15:23,12,8,2
65.17,20.67,potassio,2024-12-01,06:39,6,13,3
38.97,18.42,fosforo,2024-12-03,13:26,8,10,3
52.93,19.5,fosforo,2024-12-03,14:56,12,10,3
24.86,25.83,potassio,2024-12-01,21:37,12,9,3
29.97,18.76,potassio,2024-12-04,13:02,5,9,3
44.71,23.37,fosforo,2024-12-01,18:19,10,2,1
31.44,21.37,fosforo,2024-12-04,00:03,6,7,3
43.28,22.89,potassio,2024-12-02,07:23,9,10,3
79.8,22.01,fosforo,2024-12-02,21:12,9,6,3
20.9,26.36,potassio,2024-12-01,10:59,15,5,3
51.78,31.33,potassio,2024-12-01,22:17,6,13,1
75.92,15.83,fosforo,2024-12-04,19:40,5,1,1
53.08,33.4,potassio,2024-12-02,09:52,6,9,1
38.87,16.56,fosforo,2024-12-02,16:09,12,13,3
38.89,21.61,fosforo,2024-12-03,03:54,13,12,1
51.5,17.04,fosforo,2024-12-03,23:50,7,11,3
24.37,28.16,potassio,2024-12-01,15:57,10,6,3
25.45,17.63,fosforo,2024-12-02,09:28,10,11,3
78.9,26.07,fosforo,2024-12-04,11:01,15,12,2
30.37,23.78,fosforo,2024-12-03,09:58,9,1,1
31.41,15.56,potassio,2024-12-01,13:14,8,3,2
23.18,25.43,fosforo,2024-12-03,16:32,14,8,2
62.45,17.89,potassio,2024-12-01,03:34,6,3,1
31.31,21.02,potassio,2024-12-04,00:55,7,10,3
39.2,20.52,potassio,2024-12-02,10:19,14,15,1
37.32,15.4,fosforo,2024-12-04,00:59,8,10,1
47.17,20.66,potassio,2024-12-04,08:04,12,14,1
29.75,22.33,fosforo,2024-12-04,02:21,11,15,1
34.83,19.78,potassio,2024-12-01,14:35,13,12,3
76.74,16.7,potassio,2024-12-03,14:57,15,5,2
50.17,17.71,potassio,2024-12-02,00:58,15,12,2
74.22,28.99,potassio,2024-12-03,00:08,8,7,2
69.16,21.91,potassio,2024-12-02,02:48,5,11,2
70.29,22.97,potassio,2024-12-03,09:34,15,8,3
37.16,18.51,fosforo,2024-12-02,08:47,15,11,2
39.37,21.51,fosforo,2024-12-02,16:24,14,14,3
25.34,26.88,fosforo,2024-12-04,12:03,12,14,2
41.99,26.67,potassio,2024-12-03,01:22,14,4,2
40.31,22.31,potassio,2024-12-02,08:29,10,2,3
26.88,17.63,fosforo,2024-11-30,00:37,12,8,1
40.47,33.82,potassio,2024-12-03,15:07,12,2,3
22.02,22.72,fosforo,2024-12-03,03:57,5,8,1
56.06,24.59,fosforo,2024-12-04,03:15,6,7,1
24.27,28.24,fosforo,2024-12-02,07:57,6,1,3
41.13,15.13,potassio,2024-12-01,03:56,9,4,1
43.77,33.77,fosforo,2024-11-30,20:43,8,4,2
56.05,23.99,fosforo,2024-12-02,12:13,12,13,1
22.82,20.44,fosforo,2024-12-03,17:39,7,8,3
55.15,28.62,fosforo,2024-12-01,01:41,10,5,3
41.57,33.24,potassio,2024-11-30,03:22,15,8,1
29.61,20.98,fosforo,2024-12-04,00:56,7,2,1
68.62,25.54,potassio,2024-12-03,12:09,10,11,2
73.15,21.85,potassio,2024-11-30,18:28,10,15,3
21.74,24.9,fosforo,2024-12-03,01:09,10,4,2
52.75,31.97,potassio,2024-12-03,07:50,6,13,1
68.5,30.03,potassio,2024-12-04,02:04,14,13,1
76.07,16.26,potassio,2024-12-01,13:49,10,10,1
65.11,30.37,potassio,2024-11-30,08:29,7,2,3
60.82,15.28,potassio,2024-12-02,05:33,10,9,1
64.81,28.71,potassio,2024-11-30,14:13,7,3,2
40.38,20.56,fosforo,2024-12-01,17:49,7,15,3
38.99,20.07,fosforo,2024-12-01,07:59,6,4,1
46.69,28.53,potassio,2024-12-04,22:37,6,15,2
23.51,20.55,fosforo,2024-12-02,19:20,6,10,1
42.5,24.16,fosforo,2024-12-03,07:28,13,10,3
28.97,27.17,potassio,2024-11-30,14:27,9,2,2
27.25,33.91,potassio,2024-11-30,11:01,13,4,1
67.41,16.68,potassio,2024-12-03,16:27,9,2,3
55.52,29.41,potassio,2024-12-02,01:11,7,6,1
69.26,27.96,potassio,2024-12-03,19:42,7,2,1
58.62,28.35,fosforo,2024-12-04,14:43,13,15,1
79.87,15.87,potassio,2024-12-03,05:22,7,13,2
51.42,18.2,potassio,2024-12-03,11:33,5,1,2
79.07,16.48,potassio,2024-12-03,09:59,9,14,1
35.09,33.51,potassio,2024-12-01,22:55,10,6,2
37.84,25.95,fosforo,2024-12-03,05:00,14,14,3
22.1,33.02,fosforo,2024-12-01,06:18,6,5,1
79.9,15.3,fosforo,2024-11-30,00:44,15,4,1
78.14,17.56,potassio,2024-12-03,09:05,8,11,2
49.4,31.89,potassio,2024-11-30,08:56,11,9,3
37.95,32.19,fosforo,2024-12-01,09:01,10,9,1
33.09,33.26,potassio,2024-12-04,21:11,15,6,3
39.88,24.16,fosforo,2024-12-01,14:54,11,14,1
74.42,27.5,fosforo,2024-12-04,23:06,10,9,3
64.45,20.6,potassio,2024-12-01,17:58,7,4,2
28.2,15.49,fosforo,2024-12-02,16:18,7,14,1
71.84,25.6,potassio,2024-12-04,00:57,15,10,2
39.05,26.63,potassio,2024-12-01,03:17,7,1,1
21.12,19.76,potassio,2024-12-04,09:56,11,3,3
75.89,18.17,potassio,2024-12-03,22:21,11,13,1
45.11,32.72,fosforo,2024-12-03,07:30,6,15,1
41.75,29.39,fosforo,2024-12-04,18:58,6,12,3
21.95,17.74,fosforo,2024-12-01,06:08,11,1,2
30.83,33.35,fosforo,2024-12-02,10:47,6,13,1
54.68,31.74,potassio,2024-12-03,11:56,5,3,3
77.98,19.26,potassio,2024-12-02,18:52,9,8,1
48.44,31.25,fosforo,2024-12-01,20:59,11,4,3
52.53,32.67,fosforo,2024-12-01,02:12,11,14,2
49.21,23.4,fosforo,2024-12-01,11:59,14,14,3
44.77,20.41,potassio,2024-12-02,15:22,15,9,1
58.04,22.08,potassio,2024-12-02,11:16,10,10,1
49.55,33.52,potassio,2024-12-03,18:19,13,6,2
27.23,31.96,potassio,2024-12-01,13:51,14,2,1
51.27,19.49,fosforo,2024-12-02,05:12,6,4,3
52.1,32.51,potassio,2024-11-30,13:35,12,5,2
66.28,31.25,potassio,2024-12-02,23:46,8,14,1
21.68,25.76,fosforo,2024-12-02,08:06,15,3,2
27.92,31.29,fosforo,2024-12-03,08:33,5,2,2
62.08,18.91,potassio,2024-12-03,06:36,9,13,2
23.68,22.9,potassio,2024-12-04,18:43,7,8,2
65.4,24.73,fosforo,2024-12-01,14:17,14,4,1
48.86,29.65,potassio,2024-12-03,19:24,14,4,1
61.53,18.96,potassio,2024-12-04,20:21,5,8,2
70.1,18.05,potassio,2024-12-02,13:41,8,9,1
38.02,34.81,fosforo,2024-12-01,08:30,12,7,1
20.45,21.83,potassio,2024-12-03,07:03,7,7,2
67.78,20.87,potassio,2024-12-03,15:14,15,9,2
78.06,16.5,potassio,2024-12-02,07:42,13,12,3
43.72,17.97,potassio,2024-12-01,17:37,11,5,1
41.97,19.75,potassio,2024-12-02,13:52,11,5,3
78.7,16.95,potassio,2024-12-04,03:39,9,7,2
44.26,16.05,potassio,2024-12-02,23:25,6,10,2
44.07,26.8,potassio,2024-12-02,10:33,14,10,2
70.18,23.66,potassio,2024-12-01,19:50,11,3,2
45.29,34.47,potassio,2024-12-04,22:22,13,1,1
47.31,21.5,potassio,2024-11-30,22:39,6,9,2
27.59,22.76,potassio,2024-12-03,19:01,5,11,3
38.27,27.04,fosforo,2024-12-01,07:08,11,5,1
54.8,33.77,fosforo,2024-12-02,21:46,6,15,1
64.83,23.54,potassio,2024-11-30,03:45,11,8,1
67.82,18.14,fosforo,2024-12-03,23:33,7,11,1
76.66,22.7,potassio,2024-12-03,05:25,14,6,1
74.16,25.51,fosforo,2024-11-30,22:47,9,1,1
32.15,33.63,potassio,2024-12-03,06:26,11,11,3
24.23,27.07,fosforo,2024-12-02,01:47,5,7,2
22.15,23.23,fosforo,2024-12-02,21:05,9,7,1
67.51,34.95,fosforo,2024-12-01,01:13,13,1,3
79.47,31.51,fosforo,2024-12-03,11:59,6,2,2
66.88,18.61,fosforo,2024-12-04,04:16,11,9,2
63.43,26.8,fosforo,2024-11-30,07:25,10,13,3
20.97,28.26,potassio,2024-12-02,07:28,13,8,1
61.99,16.0,fosforo,2024-11-30,18:31,12,6,3
41.36,17.27,potassio,2024-12-02,22:38,12,1,3
37.54,29.21,potassio,2024-12-02,02:23,9,15,2
59.01,28.4,potassio,2024-12-03,02:23,12,9,3
70.23,25.41,potassio,2024-11-30,07:12,9,7,3
28.24,32.76,potassio,2024-11-30,13:29,15,2,3
79.42,30.19,potassio,2024-12-01,21:15,15,12,2
20.1,15.38,fosforo,2024-12-02,23:04,11,11,1
45.33,34.57,potassio,2024-12-03,02:50,9,14,1
20.45,24.24,fosforo,2024-12-04,01:25,15,2,2
21.74,27.71,potassio,2024-12-03,07:15,11,3,2
63.86,22.15,fosforo,2024-12-02,08:10,11,6,1
28.74,31.97,potassio,2024-12-02,14:09,5,8,1
29.78,23.33,potassio,2024-12-02,01:33,14,4,1
30.44,26.37,fosforo,2024-12-02,07:24,8,12,2
41.33,22.24,potassio,2024-12-02,21:23,10,14,1
69.6,17.29,potassio,2024-12-01,08:04,15,1,2
22.99,23.7,potassio,2024-12-02,03:35,12,14,1
51.53,21.53,potassio,2024-11-30,09:06,10,4,3
65.45,16.82,fosforo,2024-12-02,09:52,5,12,1
74.63,32.11,fosforo,2024-12-02,15:38,9,12,2
74.15,17.96,potassio,2024-12-04,23:16,5,7,2
57.44,31.11,potassio,2024-12-04,23:39,8,6,1
29.02,22.87,fosforo,2024-12-02,20:27,6,9,2
61.17,29.16,fosforo,2024-11-30,16:14,5,10,2
42.9,23.74,potassio,2024-12-04,14:17,8,13,2
49.21,24.09,potassio,2024-12-01,12:47,10,13,1
41.64,32.71,potassio,2024-11-30,05:05,6,11,2
78.39,27.08,fosforo,2024-12-03,11:23,6,4,1
75.79,24.01,potassio,2024-12-04,17:28,7,12,2
62.97,32.86,fosforo,2024-11-30,07:08,15,15,2
71.47,27.62,fosforo,2024-12-03,11:20,6,8,1
77.06,21.84,fosforo,2024-12-03,17:37,14,4,2
26.24,30.48,potassio,2024-12-04,19:23,8,13,1
64.88,31.66,fosforo,2024-12-02,18:00,8,8,1
48.89,29.66,fosforo,2024-12-02,08:30,12,7,2
30.55,20.55,potassio,2024-12-03,10:52,5,13,2
24.49,26.72,fosforo,2024-12-02,02:48,6,2,2
32.86,33.62,potassio,2024-12-04,23:23,14,12,2
45.84,31.78,fosforo,2024-11-30,17:13,14,8,3
51.02,28.12,fosforo,2024-12-02,13:01,14,1,3
50.1,29.47,fosforo,2024-12-01,23:58,13,7,2
29.22,32.98,potassio,2024-12-02,14:05,12,1,3
67.73,25.86,potassio,2024-11-30,10:26,15,15,3
59.06,34.02,fosforo,2024-12-04,07:57,13,6,1
35.39,25.45,fosforo,2024-12-02,09:00,7,14,3
30.2,18.93,fosforo,2024-12-04,10:21,5,12,1
39.44,25.17,potassio,2024-12-04,14:54,13,8,3
76.39,19.57,potassio,2024-12-03,21:29,12,3,2
68.12,24.3,fosforo,2024-11-30,23:00,8,12,1
23.97,19.12,potassio,2024-12-04,15:13,9,1,3
24.55,17.0,potassio,2024-12-03,10:50,5,5,1
72.67,24.06,potassio,2024-12-03,12:06,9,3,3
54.95,19.67,fosforo,2024-12-03,15:39,11,15,1
24.05,24.36,potassio,2024-11-30,12:46,7,6,3
35.87,17.44,fosforo,2024-12-01,09:50,7,1,1
76.31,20.5,fosforo,2024-12-04,09:03,11,15,2
45.69,23.79,potassio,2024-12-04,13:33,10,7,2
39.8,17.37,fosforo,2024-12-01,11:35,12,7,2
48.53,33.07,fosforo,2024-12-04,03:01,10,12,1
45.84,22.16,potassio,2024-12-02,11:20,5,5,2
27.76,25.45,potassio,2024-12-03,03:20,14,11,2
25.85,17.56,fosforo,2024-12-04,15:35,11,1,1
47.83,24.99,potassio,2024-12-02,05:07,9,8,1
79.63,25.71,potassio,2024-12-03,13:06,11,12,2
32.39,31.21,potassio,2024-11-30,22:05,6,6,2
50.46,31.3,fosforo,2024-12-02,02:59,5,6,2
33.29,30.3,potassio,2024-12-02,11:11,9,11,3
34.76,16.02,fosforo,2024-12-04,17:53,11,4,2
68.25,34.38,potassio,2024-12-03,13:05,7,8,1
48.1,18.18,potassio,2024-11-30,07:31,15,2,3
69.05,25.19,potassio,2024-12-01,11:29,7,11,3
75.1,19.79,fosforo,2024-12-02,20:05,6,2,3
76.69,15.31,potassio,2024-11-30,00:21,9,15,1
55.09,26.01,potassio,2024-11-30,19:33,10,15,3
66.19,18.3,fosforo,2024-12-03,14:11,11,15,1
67.75,20.29,fosforo,2024-12-01,02:27,9,4,2
40.14,34.17,potassio,2024-12-02,19:41,11,13,2
36.71,28.24,fosforo,2024-12-04,12:20,12,6,2
34.26,29.28,fosforo,2024-12-01,15:24,5,6,1
67.32,31.66,fosforo,2024-12-03,17:48,11,2,2
33.35,20.02,fosforo,2024-12-03,13:51,14,7,1
37.12,21.41,potassio,2024-12-04,12:42,6,1,2
67.48,25.64,potassio,2024-12-03,01:57,7,5,1
20.66,17.51,potassio,2024-12-02,15:47,12,3,3
30.37,17.83,fosforo,2024-11-30,12:14,9,4,1
27.31,30.98,potassio,2024-12-02,23:36,7,10,2
50.75,34.65,potassio,2024-12-01,20:32,14,14,2
26.64,33.19,fosforo,2024-12-01,03:58,15,11,3
72.16,24.93,fosforo,2024-12-04,07:14,7,7,1
57.01,32.38,potassio,2024-12-01,07:39,13,3,2
45.23,29.16,potassio,2024-11-30,05:03,8,9,3
30.23,33.42,potassio,2024-12-03,16:31,5,13,3
71.13,25.38,potassio,2024-11-30,17:27,10,5,1
45.41,31.91,fosforo,2024-12-03,09:48,6,2,3
40.53,34.1,potassio,2024-12-04,00:02,5,10,3
41.94,28.56,potassio,2024-12-01,01:32,6,4,2
73.98,31.63,fosforo,2024-12-04,05:19,14,1,3
30.86,17.92,fosforo,2024-12-01,04:08,14,13,3
25.38,26.47,fosforo,2024-12-01,18:28,8,1,3
28.99,18.22,potassio,2024-11-30,14:42,14,7,1
59.78,24.0,fosforo,2024-12-03,22:46,13,12,3
71.82,33.9,potassio,2024-11-30,03:48,6,4,1
59.36,24.87,fosforo,2024-12-02,09:05,11,5,1
59.75,29.25,fosforo,2024-12-03,22:16,13,3,3
48.84,16.18,fosforo,2024-11-30,05:40,11,3,1
39.16,28.08,potassio,2024-12-01,23:10,15,3,1
59.54,29.82,fosforo,2024-12-03,03:01,15,10,1
71.93,24.9,potassio,2024-12-01,08:16,13,9,2
57.87,21.6,fosforo,2024-11-30,18:20,7,15,1
51.35,31.48,fosforo,2024-12-01,18:06,12,3,2
24.94,15.7,potassio,2024-12-01,10:24,6,9,3
42.93,33.02,fosforo,2024-11-30,08:01,10,6,3
27.95,15.39,potassio,2024-12-01,09:13,15,12,3
71.42,30.25,fosforo,2024-12-03,21:01,10,15,1
39.96,19.76,potassio,2024-12-01,06:59,9,12,2
53.05,21.48,fosforo,2024-12-01,14:11,15,11,3
59.4,30.91,potassio,2024-12-04,14:54,9,15,1
37.63,31.5,fosforo,2024-12-04,16:14,10,14,1
76.18,26.27,potassio,2024-12-01,11:04,8,14,1
50.71,16.18,potassio,2024-12-03,13:19,13,9,1
29.76,25.93,fosforo,2024-12-04,14:07,12,10,2
61.27,16.89,fosforo,2024-12-02,01:25,11,12,2
54.1,21.64,potassio,2024-11-30,09:39,9,9,2
31.41,26.47,fosforo,2024-11-30,11:38,5,13,3
44.43,20.99,fosforo,2024-12-01,12:08,13,13,3
53.54,31.02,potassio,2024-12-03,13:36,6,7,1
50.3,28.6,potassio,2024-11-30,10:37,14,7,1
63.3,32.65,potassio,2024-12-02,00:03,12,6,3
52.73,19.2,fosforo,2024-12-04,15:25,12,4,2
26.85,16.06,potassio,2024-12-01,09:44,8,11,3
43.86,27.83,potassio,2024-12-04,00:14,14,14,3
21.34,18.34,fosforo,2024-11-30,11:12,7,2,3
52.84,34.65,potassio,2024-12-02,16:33,10,10,1
47.58,22.48,fosforo,2024-12-04,21:06,14,11,2
65.09,17.52,fosforo,2024-12-02,04:16,6,10,3
57.99,28.31,fosforo,2024-12-04,18:56,15,10,1
27.6,26.79,fosforo,2024-12-01,17:20,11,9,1
51.94,17.79,fosforo,2024-12-04,14:07,11,4,3
64.06,23.87,potassio,2024-12-02,04:58,6,13,1
32.02,30.83,fosforo,2024-12-04,17:35,15,11,1
37.72,23.22,fosforo,2024-12-02,18:51,6,4,2
76.44,16.92,fosforo,2024-12-03,08:48,10,2,3
78.89,21.57,fosforo,2024-12-04,22:31,8,9,2
59.4,33.61,fosforo,2024-12-03,13:23,12,12,3
61.37,31.44,fosforo,2024-12-02,14:25,8,6,3
63.69,24.75,potassio,2024-11-30,07:55,10,4,3
70.8,31.01,potassio,2024-12-02,16:35,8,2,1
49.25,30.95,fosforo,2024-12-04,02:34,13,11,3
69.99,33.71,potassio,2024-12-03,00:43,7,12,3
42.11,25.7,fosforo,2024-11-30,23:42,8,2,2
70.79,18.19,fosforo,2024-12-01,21:02,8,5,3
48.45,30.47,fosforo,2024-11-30,16:51,12,5,3
56.3,34.1,potassio,2024-12-01,01:08,7,15,3
40.37,28.19,fosforo,2024-11-30,05:01,15,4,2
24.5,34.59,potassio,2024-11-30,07:15,7,14,1
51.61,31.9,fosforo,2024-12-04,08:47,5,13,1
63.7,33.64,potassio,2024-11-30,13:17,14,11,2
36.22,30.61,fosforo,2024-12-03,16:22,7,3,2
20.72,28.3,potassio,2024-12-02,16:34,11,8,3
76.92,29.01,fosforo,2024-12-02,14:22,5,1,2
60.76,20.5,potassio,2024-12-04,22:44,12,5,1
26.49,29.43,potassio,2024-12-03,22:00,11,15,2
43.45,19.85,potassio,2024-12-01,10:56,7,4,2
60.57,34.54,potassio,2024-12-03,16:07,11,1,3
75.2,24.47,fosforo,2024-12-03,02:16,9,7,1
40.1,33.81,potassio,2024-12-01,12:45,13,13,3
36.22,16.72,fosforo,2024-12-02,00:52,6,1,3
24.58,17.65,potassio,2024-11-30,17:52,15,12,1
59.73,25.71,fosforo,2024-11-30,23:41,8,9,3
64.65,28.65,fosforo,2024-12-03,15:39,12,12,2
40.33,21.32,potassio,2024-11-30,08:11,12,3,3
30.15,16.73,fosforo,2024-12-02,12:51,7,2,3
26.86,21.39,fosforo,2024-12-04,08:28,6,6,1
39.25,16.52,fosforo,2024-11-30,19:20,13,6,3
67.64,25.08,potassio,2024-11-30,22:21,12,3,3
64.67,28.43,fosforo,2024-12-04,09:00,11,2,1
56.24,29.89,potassio,2024-12-02,08:09,6,6,2
67.59,34.94,potassio,2024-12-02,00:43,10,3,3
39.64,30.29,potassio,2024-12-04,15:28,13,1,1
51.79,25.63,fosforo,2024-12-01,06:07,10,2,3
40.51,29.58,fosforo,2024-12-03,18:54,13,9,1
37.48,19.13,fosforo,2024-12-02,16:41,8,3,3
64.22,18.09,potassio,2024-12-01,19:53,11,5,3
53.16,24.05,potassio,2024-12-01,04:06,9,14,1
35.25,17.93,potassio,2024-12-03,20:51,13,5,3
41.36,21.76,fosforo,2024-12-03,16:51,8,1,2
29.13,28.29,potassio,2024-12-04,23:32,15,12,2
28.3,17.17,potassio,2024-12-04,00:54,7,11,1
57.08,26.04,potassio,2024-11-30,10:09,9,13,1
58.24,23.76,fosforo,2024-12-03,06:56,12,11,1
44.47,32.54,fosforo,2024-12-01,04:13,5,8,3
52.76,18.55,fosforo,2024-12-03,05:49,5,12,2
32.35,24.78,fosforo,2024-11-30,17:12,8,10,2
24.76,23.42,potassio,2024-12-02,09:22,9,6,3
78.81,34.01,potassio,2024-12-02,19:55,12,10,3
59.59,21.61,potassio,2024-12-04,08:17,13,11,1
57.08,19.84,fosforo,2024-12-01,06:12,6,12,3
22.61,17.56,potassio,2024-12-02,22:00,7,9,3
47.76,28.24,fosforo,2024-12-03,22:06,11,8,2
52.76,31.24,fosforo,2024-12-01,20:34,14,15,1
69.54,19.02,fosforo,2024-12-04,18:01,13,6,1
76.94,29.83,potassio,2024-12-02,16:11,11,5,2
69.41,19.13,fosforo,2024-12-03,16:13,15,9,1
29.23,27.81,potassio,2024-12-01,18:04,12,7,3
74.87,34.88,fosforo,2024-12-04,00:01,12,7,1
22.83,18.02,potassio,2024-12-04,15:16,9,6,3
28.38,23.08,fosforo,2024-12-04,17:56,5,3,2
78.68,19.71,fosforo,2024-12-04,21:12,9,3,2
32.25,15.89,potassio,2024-12-01,11:07,12,7,1
40.31,25.17,fosforo,2024-12-02,12:16,12,6,1
59.99,28.01,potassio,2024-12-01,21:29,11,9,2
23.32,22.16,fosforo,2024-11-30,18:38,11,7,1
72.48,25.96,potassio,2024-12-04,01:51,12,2,3
40.09,31.33,fosforo,2024-12-03,13:58,11,12,3
66.39,23.05,fosforo,2024-12-02,15:48,8,8,3
29.08,24.21,potassio,2024-12-03,21:28,7,9,2
34.34,17.68,potassio,2024-11-30,12:52,14,15,2
60.75,23.5,potassio,2024-11-30,15:33,8,6,3
79.62,31.72,fosforo,2024-12-02,21:11,5,4,3
78.4,23.48,potassio,2024-12-02,23:26,13,9,3
65.89,15.42,potassio,2024-12-02,08:53,11,14,1
38.27,26.12,fosforo,2024-12-01,08:12,13,8,2
34.0,32.48,fosforo,2024-12-01,12:12,13,9,2
21.61,34.53,fosforo,2024-12-02,12:08,6,2,2
64.22,22.35,fosforo,2024-11-30,20:04,10,7,2
63.01,21.4,potassio,2024-12-04,15:38,6,10,1
70.1,26.43,potassio,2024-12-04,09:37,6,8,3
75.16,19.83,potassio,2024-12-02,05:24,9,8,3
43.09,15.77,potassio,2024-12-02,09:51,7,12,2
46.64,15.74,potassio,2024-12-01,11:06,9,5,2
44.1,16.89,potassio,2024-12-03,01:11,8,6,3
60.51,25.37,fosforo,2024-11-30,05:33,12,7,1
29.94,18.98,fosforo,2024-12-03,22:16,7,4,3
38.95,20.89,fosforo,2024-12-03,05:41,15,5,2
73.49,17.29,fosforo,2024-12-04,18:26,13,5,2
38.48,29.22,fosforo,2024-12-01,00:45,14,7,2
41.75,29.17,potassio,2024-12-03,08:04,5,12,1
35.97,33.8,fosforo,2024-12-02,09:23,15,6,2
59.08,25.92,potassio,2024-12-02,05:58,12,6,1
44.79,25.41,fosforo,2024-11-30,10:27,7,15,2
69.19,31.44,fosforo,2024-12-04,00:07,10,14,1
60.77,29.18,potassio,2024-11-30,01:13,6,9,3
55.32,18.45,potassio,2024-11-30,21:27,10,4,1
33.86,18.05,fosforo,2024-12-01,15:35,7,6,1
51.51,26.44,potassio,2024-12-04,00:17,15,8,3
44.83,23.77,fosforo,2024-12-01,21:13,8,14,3
64.58,18.79,fosforo,2024-12-02,05:25,14,12,1
53.95,21.18,fosforo,2024-12-04,07:39,10,15,3
37.63,25.59,potassio,2024-12-02,11:24,12,1,3
36.52,21.36,potassio,2024-12-04,07:59,13,14,3
34.88,31.51,potassio,2024-12-04,20:25,10,5,2
58.42,18.52,potassio,2024-12-01,15:34,7,12,2
67.29,19.91,fosforo,2024-12-03,14:07,13,4,3
72.23,31.9,fosforo,2024-12-01,20:20,9,15,3
79.07,30.93,potassio,2024-12-01,07:03,6,10,1
75.68,28.37,fosforo,2024-12-04,22:45,10,2,3
32.66,29.91,fosforo,2024-12-02,09:50,14,13,3
23.4,22.98,potassio,2024-11-30,04:28,7,4,3
37.82,24.6,potassio,2024-12-03,11:39,14,8,3
67.21,23.19,potassio,2024-12-04,13:37,14,11,3
64.84,17.91,fosforo,2024-12-03,18:24,13,7,3
76.42,31.95,fosforo,2024-11-30,03:42,9,2,2
74.12,26.18,fosforo,2024-12-02,11:16,5,9,3
41.75,26.27,potassio,2024-12-01,08:56,5,8,3
31.17,23.35,potassio,2024-12-01,19:48,11,14,2
73.48,28.63,fosforo,2024-12-02,03:50,7,2,1
64.24,26.81,fosforo,2024-11-30,11:49,5,4,2
78.0,19.97,potassio,2024-12-01,14:13,9,2,2
73.7,26.4,fosforo,2024-12-03,20:23,10,11,1
63.05,22.07,fosforo,2024-12-03,22:46,6,10,2
35.03,32.17,potassio,2024-12-04,03:56,7,12,2
37.43,33.66,potassio,2024-11-30,23:25,7,11,3
63.68,19.05,fosforo,2024-12-03,09:12,12,7,2
48.44,28.47,potassio,2024-11-30,22:59,7,9,1
65.97,18.7,fosforo,2024-12-04,18:47,11,8,1
24.63,32.01,fosforo,2024-12-03,19:49,8,2,1
66.25,19.75,fosforo,2024-12-02,23:52,5,14,1
55.76,22.02,potassio,2024-12-01,14:26,9,14,3
50.47,24.06,potassio,2024-12-02,11:54,14,9,3
53.12,29.52,potassio,2024-12-02,13:02,8,5,1
69.31,24.49,potassio,2024-12-03,20:13,15,15,2
53.94,32.5,potassio,2024-12-03,20:23,14,6,3
70.39,16.72,fosforo,2024-11-30,08:55,11,7,2
46.99,34.38,potassio,2024-11-30,19:58,5,14,2
53.09,17.01,potassio,2024-12-04,14:23,6,10,1
45.96,18.44,fosforo,2024-12-04,03:05,6,6,1
23.22,29.52,fosforo,2024-12-04,13:28,13,10,1
63.79,23.77,potassio,2024-12-01,19:39,9,13,2
21.06,18.81,fosforo,2024-12-03,15:30,6,6,3
50.43,27.76,fosforo,2024-11-30,14:41,5,14,1
21.23,33.06,potassio,2024-12-01,19:11,15,3,3
63.98,19.53,fosforo,2024-12-04,00:02,13,13,3
58.2,29.08,fosforo,2024-12-02,19:28,7,13,1
77.95,29.37,potassio,2024-12-03,05:26,7,2,3
27.06,28.0,potassio,2024-12-03,15:23,11,3,2
28.74,29.95,fosforo,2024-11-30,17:05,15,9,1
33.29,26.54,potassio,2024-12-03,14:59,12,14,1
22.1,28.78,potassio,2024-12-01,22:43,15,1,3
48.77,31.58,potassio,2024-12-04,15:15,15,15,2
20.92,17.42,potassio,2024-11-30,11:28,9,12,2
36.22,30.36,potassio,2024-11-30,14:50,6,15,3
66.8,15.27,potassio,2024-11-30,23:14,5,15,2
35.99,23.22,fosforo,2024-11-30,16:43,9,10,3
77.21,30.08,potassio,2024-11-30,19:34,13,8,2
67.56,26.37,potassio,2024-12-02,01:45,14,5,3
38.62,33.9,fosforo,2024-12-02,00:48,13,10,3
72.32,19.58,fosforo,2024-11-30,23:43,8,14,3
32.19,17.15,fosforo,2024-11-30,06:34,15,4,3
65.45,20.42,potassio,2024-12-03,09:58,7,5,1
44.5,31.38,fosforo,2024-12-04,11:39,13,9,3
49.18,26.81,potassio,2024-11-30,02:46,10,11,1
25.38,28.2,fosforo,2024-11-30,09:03,8,10,3
62.29,33.24,fosforo,2024-12-03,10:13,5,5,2
65.73,31.62,potassio,2024-12-01,23:08,14,10,1
33.66,22.2,fosforo,2024-12-03,02:48,10,15,1
47.01,30.19,potassio,2024-12-04,17:19,9,8,1
65.6,32.36,potassio,2024-12-04,11:43,14,12,1
72.25,17.47,fosforo,2024-12-04,12:01,8,8,2
61.87,18.26,fosforo,2024-12-03,12:12,13,3,1
26.85,29.54,fosforo,2024-12-03,21:02,12,7,1
31.13,25.37,fosforo,2024-12-01,17:05,10,6,3
41.6,26.98,potassio,2024-12-04,08:46,6,14,3
66.74,26.48,potassio,2024-11-30,04:32,6,9,3
79.0,24.89,fosforo,2024-11-30,22:42,6,11,1
61.0,16.95,potassio,2024-12-04,16:31,15,15,2
78.14,20.01,potassio,2024-12-01,00:16,12,6,3
59.44,30.63,potassio,2024-12-04,17:35,10,4,3
72.88,34.27,fosforo,2024-12-02,08:17,6,3,2
61.01,21.22,fosforo,2024-11-30,00:11,11,7,1
55.49,23.23,potassio,2024-12-02,11:35,8,7,1
39.23,18.2,potassio,2024-12-02,05:31,8,7,1
73.35,22.75,fosforo,2024-12-03,18:37,11,7,1
34.86,23.54,fosforo,2024-12-01,11:18,14,11,3
34.14,26.61,fosforo,2024-11-30,17:52,13,15,3
52.08,23.54,potassio,2024-12-02,02:17,10,10,3
78.1,25.6,potassio,2024-12-03,01:58,14,15,2
73.07,17.54,fosforo,2024-12-04,04:26,8,13,3
61.79,24.61,fosforo,2024-12-04,14:34,13,12,3
26.5,15.5,fosforo,2024-11-30,04:06,11,13,2
75.46,34.98,fosforo,2024-12-02,17:27,6,13,2
72.04,18.05,fosforo,2024-12-02,15:21,7,11,3
67.74,24.98,fosforo,2024-11-30,01:24,13,11,1
31.67,30.41,potassio,2024-11-30,12:37,15,7,1
68.83,21.67,potassio,2024-12-02,18:19,10,13,2
54.23,26.55,potassio,2024-12-04,22:17,6,4,2
51.02,23.97,fosforo,2024-12-01,12:17,5,7,3
21.69,33.9,potassio,2024-12-04,03:02,7,4,2
26.58,19.28,fosforo,2024-11-30,17:15,8,3,2
67.13,19.94,potassio,2024-12-01,16:45,9,7,2
62.33,27.41,potassio,2024-11-30,20:16,9,7,3
63.71,29.8,potassio,2024-11-30,22:47,13,13,1
64.91,24.18,fosforo,2024-12-03,04:21,12,3,2
58.84,16.73,potassio,2024-12-03,01:34,13,1,1
44.04,31.59,fosforo,2024-12-01,02:14,15,14,3
42.71,34.3,fosforo,2024-12-04,21:25,14,8,2
39.65,19.82,potassio,2024-12-01,23:59,10,8,1
52.25,31.53,fosforo,2024-12-01,22:28,11,7,2
50.37,20.2,potassio,2024-12-01,02:10,13,11,1
31.87,22.24,potassio,2024-12-03,04:50,5,4,3
49.53,20.49,potassio,2024-11-30,12:29,10,10,2
53.43,29.74,fosforo,2024-11-30,16:01,9,9,1
49.53,17.06,fosforo,2024-12-02,23:15,6,9,1
30.33,19.95,fosforo,2024-12-02,04:34,9,1,3
30.37,20.41,potassio,2024-12-03,22:34,15,12,3
41.7,16.96,fosforo,2024-12-01,10:51,11,15,2
20.1,29.75,potassio,2024-12-03,21:36,11,15,2
28.98,27.85,fosforo,2024-12-04,07:37,6,7,3
43.13,23.86,fosforo,2024-12-01,13:46,5,14,3
20.37,29.52,potassio,2024-12-01,14:20,13,9,2
49.5,23.34,fosforo,2024-12-04,00:10,13,10,3
35.66,25.37,fosforo,2024-12-03,21:44,9,11,3
67.89,29.11,fosforo,2024-12-01,20:01,12,14,2
21.51,19.39,potassio,2024-12-04,14:53,10,1,1
52.61,24.85,potassio,2024-12-01,13:17,9,2,1
26.88,31.59,potassio,2024-12-02,03:48,11,15,2
23.81,19.56,potassio,2024-12-01,05:11,14,7,1
34.95,25.57,potassio,2024-12-04,05:21,8,12,2
53.46,20.63,potassio,2024-12-01,05:01,14,7,1
72.97,19.54,fosforo,2024-12-04,04:47,6,5,1
26.6,28.85,potassio,2024-11-30,11:16,7,1,1
41.42,28.65,fosforo,2024-12-01,21:19,6,1,3
61.14,34.95,potassio,2024-12-02,06:57,13,12,2
36.31,18.61,fosforo,2024-12-02,01:49,7,2,3
48.27,17.88,fosforo,2024-12-01,21:53,5,4,3
22.94,16.17,potassio,2024-12-02,16:10,12,6,3
79.86,34.36,fosforo,2024-12-01,19:47,12,9,1
37.2,26.12,fosforo,2024-12-02,21:00,9,5,2
28.65,26.69,potassio,2024-12-02,04:55,7,15,2
45.72,27.73,potassio,2024-11-30,14:25,8,12,1
76.16,28.05,potassio,2024-12-02,06:59,8,11,1
67.29,17.13,fosforo,2024-12-02,22:52,10,1,2
55.1,32.54,fosforo,2024-12-02,11:52,10,4,1
30.05,28.95,fosforo,2024-11-30,18:16,10,8,1
71.72,31.41,fosforo,2024-12-03,09:17,14,11,1
64.1,28.58,fosforo,2024-12-03,13:26,7,2,3
29.2,15.44,fosforo,2024-11-30,16:53,8,1,1
32.46,24.78,potassio,2024-12-01,08:38,5,2,1
38.48,17.68,fosforo,2024-12-01,10:15,6,6,3
65.19,33.32,potassio,2024-12-01,16:28,15,4,3
24.68,30.0,potassio,2024-11-30,13:25,5,7,1
50.94,30.04,potassio,2024-11-30,15:41,12,6,3
24.23,29.64,potassio,2024-11-30,05:35,5,10,1
20.13,28.7,fosforo,2024-12-03,18:12,11,8,1
67.02,33.36,potassio,2024-12-01,04:39,15,8,2
31.91,15.51,fosforo,2024-11-30,20:55,5,9,2
34.29,27.98,fosforo,2024-12-02,19:06,12,10,1
43.84,26.24,potassio,2024-11-30,04:35,6,9,3
22.78,26.28,fosforo,2024-12-02,05:00,10,10,2
53.81,31.38,potassio,2024-12-03,12:47,11,13,1
39.36,20.85,fosforo,2024-12-02,02:03,5,15,2
45.08,32.94,potassio,2024-12-04,04:33,8,14,3
29.25,26.26,potassio,2024-12-04,10:22,10,8,2
76.12,22.1,fosforo,2024-12-02,12:03,13,11,3
73.07,20.0,potassio,2024-12-03,02:10,11,6,2
35.71,23.1,fosforo,2024-12-01,03:12,15,15,3
21.67,18.33,potassio,2024-11-30,17:39,9,14,2
39.83,31.17,fosforo,2024-11-30,02:21,5,14,1
75.62,23.36,potassio,2024-11-30,02:31,8,11,2
72.19,32.24,fosforo,2024-12-01,04:23,13,6,3
44.39,33.0,fosforo,2024-12-03,21:03,7,7,2
67.31,23.68,potassio,2024-11-30,09:44,12,6,1
44.7,16.08,potassio,2024-12-01,11:09,8,11,2
68.11,15.63,fosforo,2024-12-03,22:42,7,8,3
51.22,18.46,potassio,2024-12-03,07:34,7,10,1
35.74,21.64,potassio,2024-12-04,05:58,13,11,2
24.64,32.47,fosforo,2024-11-30,18:01,7,10,1
30.68,27.94,potassio,2024-12-02,20:08,15,5,1
56.36,20.24,potassio,2024-12-01,15:46,14,14,1
50.47,15.19,fosforo,2024-12-03,21:44,9,9,2
63.36,27.75,potassio,2024-12-02,12:40,14,14,3
71.47,30.29,fosforo,2024-12-04,11:09,13,11,1
65.41,20.15,potassio,2024-12-01,13:28,6,4,2
29.76,30.66,potassio,2024-12-04,04:53,13,13,1
49.91,22.67,potassio,2024-12-01,11:16,7,13,1
26.75,27.45,fosforo,2024-11-30,05:21,10,2,2
62.27,26.87,potassio,2024-12-02,18:08,11,11,1
41.94,20.09,potassio,2024-12-04,20:33,5,6,1
71.05,28.26,fosforo,2024-12-01,21:37,13,9,3
69.72,33.57,potassio,2024-12-04,12:45,15,11,1
48.42,26.8,potassio,2024-12-04,12:47,15,1,1
23.53,25.82,potassio,2024-12-03,06:50,10,11,1
30.06,23.37,fosforo,2024-11-30,04:18,7,4,1
67.26,21.41,potassio,2024-12-04,21:56,12,11,1
41.03,25.23,fosforo,2024-12-03,11:34,10,5,1
58.5,34.78,fosforo,2024-12-03,15:25,6,6,2
50.92,23.67,fosforo,2024-11-30,14:22,6,1,3
20.95,28.38,fosforo,2024-12-03,05:48,11,4,1
38.1,23.33,potassio,2024-12-02,12:36,11,9,1
35.14,24.9,fosforo,2024-12-03,04:36,12,5,2
23.06,27.43,fosforo,2024-12-03,21:26,14,3,2
29.43,22.06,fosforo,2024-12-01,05:10,5,9,3
50.97,31.99,fosforo,2024-12-03,16:41,9,8,1
44.82,25.03,potassio,2024-12-04,20:01,6,11,3
36.33,22.97,fosforo,2024-12-03,15:32,13,13,1
44.26,23.87,fosforo,2024-12-02,08:42,13,4,1
56.22,28.18,fosforo,2024-12-04,04:10,11,11,1
76.94,22.9,fosforo,2024-12-01,01:40,5,3,3
47.82,31.49,fosforo,2024-12-02,01:18,5,10,1
52.31,31.29,potassio,2024-12-03,02:44,10,6,2
48.68,19.33,potassio,2024-12-03,15:08,10,11,2
66.69,34.0,fosforo,2024-12-01,01:40,6,4,3
34.91,23.61,fosforo,2024-11-30,13:42,8,2,1
29.05,28.74,potassio,2024-12-04,21:48,9,2,3
55.76,22.26,fosforo,2024-12-01,07:04,14,9,3
28.44,32.74,potassio,2024-12-03,01:00,9,5,1
73.49,34.22,fosforo,2024-12-03,23:23,13,2,2
55.93,33.05,fosforo,2024-12-04,03:29,12,12,1
61.95,18.04,potassio,2024-12-02,10:54,5,11,3
47.55,25.77,fosforo,2024-12-02,19:58,12,3,3
40.83,24.57,potassio,2024-11-30,10:38,10,6,3
51.49,24.12,potassio,2024-12-04,10:28,12,10,2
51.83,32.42,fosforo,2024-12-03,16:43,8,1,3
53.99,25.94,potassio,2024-12-01,03:54,6,10,3
31.88,26.22,fosforo,2024-11-30,12:18,7,13,3
44.31,31.56,fosforo,2024-12-04,05:54,5,15,1
39.42,33.34,potassio,2024-12-03,22:02,5,5,2
75.45,34.74,fosforo,2024-12-03,19:31,5,6,1
49.98,27.71,fosforo,2024-12-03,16:39,15,2,3
32.84,21.08,fosforo,2024-11-30,07:59,14,6,2
65.89,30.76,potassio,2024-11-30,07:17,13,2,1
59.01,31.77,potassio,2024-12-03,16:01,6,1,1
72.93,18.61,fosforo,2024-12-02,18:53,13,3,2
75.64,23.4,fosforo,2024-12-03,05:10,15,15,3
68.78,19.02,potassio,2024-12-03,17:53,12,2,3
41.8,23.95,potassio,2024-12-04,23:10,13,11,3
23.99,17.79,potassio,2024-11-30,12:18,5,1,2
35.37,28.62,fosforo,2024-12-02,14:52,9,7,2
33.72,15.48,fosforo,2024-12-01,14:22,11,1,1
45.01,30.78,potassio,2024-12-01,11:46,6,10,2
61.56,34.52,potassio,2024-12-03,15:12,8,5,3
58.78,25.02,potassio,2024-12-04,16:18,6,9,1
64.75,26.06,potassio,2024-12-04,08:59,9,6,2
72.53,22.82,fosforo,2024-12-04,01:20,6,4,2
53.34,29.51,fosforo,2024-12-04,21:21,10,12,3
67.5,23.68,fosforo,2024-12-03,15:51,5,5,3
64.22,20.4,potassio,2024-12-04,22:13,15,3,1
53.65,28.93,fosforo,2024-12-03,04:59,11,15,2
47.69,17.93,potassio,2024-11-30,18:40,10,4,1
57.86,18.23,fosforo,2024-12-04,11:06,5,4,1
28.01,27.58,fosforo,2024-12-01,03:13,14,7,3
49.54,34.84,potassio,2024-12-01,09:20,5,8,2
50.9,29.35,potassio,2024-12-01,02:22,15,15,2
65.73,24.08,fosforo,2024-12-01,05:17,12,15,2
59.42,27.73,potassio,2024-12-02,00:53,8,8,3
24.48,21.65,fosforo,2024-12-02,02:49,8,13,3
32.4,32.01,fosforo,2024-11-30,18:45,7,15,3
46.24,32.96,fosforo,2024-12-03,03:03,14,14,2
29.88,24.12,fosforo,2024-11-30,08:01,12,10,2
24.81,17.56,potassio,2024-12-01,16:38,14,4,2
49.88,17.35,fosforo,2024-12-02,09:27,8,6,3
37.97,25.05,fosforo,2024-12-01,16:37,10,9,2
52.97,24.33,fosforo,2024-12-04,22:15,10,9,1
29.52,26.0,fosforo,2024-12-04,12:36,13,8,3
42.54,27.65,fosforo,2024-12-03,16:44,13,9,1
47.05,29.36,potassio,2024-11-30,13:45,5,3,2
67.74,31.4,potassio,2024-11-30,06:52,15,6,3
45.37,25.61,potassio,2024-12-04,02:22,12,10,3
33.66,30.68,fosforo,2024-12-01,00:53,11,6,1
50.38,20.46,potassio,2024-12-03,14:08,9,15,1
49.6,31.26,potassio,2024-11-30,04:52,9,12,3
51.05,28.29,fosforo,2024-12-02,12:16,8,1,2
42.09,30.95,potassio,2024-12-01,21:45,7,5,3
74.26,29.23,potassio,2024-12-02,04:30,11,7,3
72.53,32.51,potassio,2024-12-03,03:15,9,9,2
21.62,21.15,potassio,2024-12-02,10:29,12,9,1
31.32,15.92,potassio,2024-12-01,01:08,8,4,3
50.06,20.18,fosforo,2024-12-02,18:26,11,14,2
30.62,18.56,fosforo,2024-11-30,04:59,14,3,1
37.33,23.65,fosforo,2024-12-04,09:17,7,6,1
56.89,26.2,potassio,2024-12-04,07:15,6,15,3
23.83,29.69,potassio,2024-12-02,17:56,12,9,2
55.97,15.77,fosforo,2024-12-03,19:58,14,13,2
32.68,18.12,potassio,2024-12-04,08:26,11,12,2
76.77,16.05,potassio,2024-12-01,18:44,13,1,1
70.42,29.23,fosforo,2024-12-01,15:42,13,4,3
60.6,21.19,fosforo,2024-12-04,08:31,11,9,3
43.75,25.21,potassio,2024-12-03,23:32,11,3,2
74.3,28.52,potassio,2024-12-04,09:02,6,9,2
79.63,30.3,potassio,2024-12-02,15:47,9,13,2
52.81,29.72,potassio,2024-12-02,19:46,9,5,3
40.38,16.06,fosforo,2024-12-03,02:59,15,2,1
29.93,21.01,fosforo,2024-12-02,05:54,8,2,1
60.62,24.79,potassio,2024-11-30,17:36,7,3,3
58.06,32.82,fosforo,2024-11-30,22:32,10,2,1
31.73,22.01,fosforo,2024-11-30,19:13,7,1,2
76.67,27.96,fosforo,2024-12-02,23:22,13,6,3
53.18,15.9,fosforo,2024-12-02,16:45,5,7,1
63.15,24.44,potassio,2024-12-03,17:39,8,12,3
60.64,31.99,potassio,2024-12-04,18:32,14,2,2
72.89,32.95,fosforo,2024-12-04,13:48,5,6,3
32.11,29.25,potassio,2024-12-02,21:23,13,1,3
25.77,17.34,potassio,2024-12-04,20:45,9,13,1
62.48,15.76,fosforo,2024-11-30,22:19,8,1,3
72.21,28.17,fosforo,2024-12-04,08:51,11,13,2
79.38,15.93,potassio,2024-11-30,02:16,11,2,1
50.33,28.36,fosforo,2024-11-30,14:45,13,7,2
48.24,19.94,potassio,2024-12-01,04:05,14,14,2
79.65,26.15,potassio,2024-12-03,21:43,5,1,3
49.48,22.88,fosforo,2024-12-03,00:01,14,3,3
38.66,23.59,potassio,2024-12-02,21:20,14,9,2
25.79,21.31,fosforo,2024-12-04,14:35,8,11,1
67.55,22.45,fosforo,2024-12-01,12:35,5,12,3
28.7,26.37,potassio,2024-12-03,16:04,14,10,3
49.68,31.72,potassio,2024-12-02,01:04,6,12,1
60.2,21.53,potassio,2024-12-04,10:08,13,14,1
30.07,30.55,fosforo,2024-12-02,08:24,10,1,3
52.77,34.47,fosforo,2024-11-30,09:49,6,9,1
64.15,32.44,fosforo,2024-12-01,10:03,9,1,1
73.75,30.95,potassio,2024-12-03,23:23,6,2,3
31.81,21.37,potassio,2024-12-01,06:18,13,1,3
53.66,29.8,potassio,2024-12-04,16:52,14,11,3
48.96,20.83,potassio,2024-12-03,01:44,7,11,2
76.62,31.34,fosforo,2024-12-04,01:48,6,9,2
25.69,30.67,potassio,2024-12-01,21:23,5,12,2
75.67,22.11,potassio,2024-12-03,12:40,5,4,1
54.84,23.22,fosforo,2024-12-04,12:34,14,7,1
29.98,31.45,fosforo,2024-11-30,09:35,5,7,3
72.93,18.39,potassio,2024-12-01,13:18,10,4,1
24.67,20.53,potassio,2024-12-01,06:20,13,9,2
24.1,24.6,fosforo,2024-12-01,15:45,8,13,3
55.31,26.6,fosforo,2024-11-30,22:38,6,5,2
48.13,17.63,fosforo,2024-12-01,18:22,8,1,3
34.06,26.28,potassio,2024-11-30,18:37,11,13,2
78.23,30.16,potassio,2024-12-04,21:56,6,11,1
44.7,28.96,fosforo,2024-11-30,23:38,15,5,1
69.64,27.92,potassio,2024-12-03,08:11,10,2,3
38.96,31.63,fosforo,2024-11-30,01:23,13,8,3
34.71,24.58,fosforo,2024-11-30,14:54,10,10,2
70.51,21.52,fosforo,2024-12-01,04:55,11,6,3
23.47,18.15,potassio,2024-12-02,16:12,7,9,1
32.55,23.6,potassio,2024-12-04,15:38,5,4,2
74.7,23.79,fosforo,2024-12-01,02:00,6,7,2
26.0,34.7,fosforo,2024-12-03,20:58,9,15,1
50.49,24.87,fosforo,2024-12-03,05:30,10,14,3
34.36,22.14,potassio,2024-11-30,22:28,9,8,3
27.09,24.09,fosforo,2024-12-01,19:33,6,3,1
70.46,28.09,potassio,2024-11-30,03:11,6,2,2
74.27,18.95,fosforo,2024-12-03,09:15,15,9,3
61.28,34.99,fosforo,2024-11-30,22:44,7,13,2
32.32,22.22,potassio,2024-12-03,14:39,15,14,1
34.31,24.41,fosforo,2024-12-02,07:38,5,12,2
61.23,33.16,potassio,2024-11-30,02:17,6,13,3
57.66,25.5,potassio,2024-11-30,16:09,7,6,2
42.2,17.9,fosforo,2024-12-02,19:47,8,3,2
45.47,16.9,fosforo,2024-12-04,05:21,13,1,3
60.48,28.86,fosforo,2024-12-03,04:56,14,9,2
32.99,30.54,potassio,2024-11-30,20:59,5,13,1
76.18,34.15,potassio,2024-12-02,07:34,8,2,2
78.19,20.13,fosforo,2024-12-01,15:42,14,14,2
35.78,20.18,potassio,2024-11-30,03:19,8,12,2
79.12,33.1,potassio,2024-12-03,22:42,10,5,2
24.51,31.75,potassio,2024-12-04,23:59,6,6,1
20.41,23.67,fosforo,2024-11-30,08:09,6,7,2
40.23,22.96,potassio,2024-12-04,10:29,7,9,1
71.42,30.93,potassio,2024-12-04,06:20,10,3,1
57.57,21.15,fosforo,2024-12-04,23:59,12,14,1
41.49,15.61,potassio,2024-11-30,13:53,5,8,3
58.08,28.41,fosforo,2024-11-30,22:21,7,5,3
58.99,27.49,potassio,2024-12-03,05:28,8,13,1
32.27,25.1,potassio,2024-12-01,15:01,14,1,1
71.62,18.19,potassio,2024-12-03,22:03,6,5,2
42.3,22.41,potassio,2024-11-30,19:13,10,15,3
66.4,19.0,fosforo,2024-12-01,19:54,9,7,1
75.49,32.33,fosforo,2024-11-30,16:45,7,8,2
58.59,28.89,potassio,2024-11-30,02:39,10,9,3
47.96,26.44,fosforo,2024-12-04,05:39,12,8,1
32.94,17.53,fosforo,2024-12-01,18:40,7,3,2
72.45,29.61,potassio,2024-12-01,22:09,10,10,1
64.69,31.62,potassio,2024-12-01,18:31,8,10,1
49.03,20.48,potassio,2024-12-02,22:33,7,10,1
67.5,31.47,potassio,2024-11-30,07:15,11,8,1
79.75,24.19,fosforo,2024-12-04,20:12,11,3,3
75.16,34.99,fosforo,2024-12-02,05:22,6,4,2
58.91,21.01,potassio,2024-11-30,19:07,5,15,2
43.98,18.92,fosforo,2024-11-30,21:22,8,13,3
67.85,29.56,fosforo,2024-12-03,02:41,8,1,1
76.43,32.41,fosforo,2024-12-03,22:11,12,4,3
67.55,27.02,potassio,2024-12-01,04:35,9,2,1
36.8,24.53,potassio,2024-12-03,13:20,8,11,3
69.78,32.9,potassio,2024-12-02,07:56,7,8,1
29.42,26.97,fosforo,2024-12-04,04:03,14,2,1
28.5,19.05,fosforo,2024-12-01,10:07,8,3,2
43.02,31.67,fosforo,2024-12-01,10:51,8,2,2
32.31,31.68,potassio,2024-12-04,08:55,7,7,3
29.94,27.94,fosforo,2024-12-01,06:50,6,13,3
52.22,31.89,potassio,2024-12-03,04:59,6,15,3
23.72,20.22,potassio,2024-11-30,22:26,5,7,1
47.47,16.35,fosforo,2024-12-04,07:28,15,15,3
57.0,19.81,fosforo,2024-12-03,09:46,6,11,2
68.28,18.09,potassio,2024-12-01,10:00,5,5,2
34.4,23.51,potassio,2024-12-02,13:00,6,1,1
25.01,15.91,fosforo,2024-12-02,16:57,9,12,1
71.28,34.61,fosforo,2024-12-01,19:17,15,6,3
49.38,24.0,potassio,2024-12-03,23:39,9,8,3
77.16,33.24,fosforo,2024-12-03,20:27,5,14,1
37.24,32.07,fosforo,2024-11-30,05:43,10,3,2
56.61,22.98,fosforo,2024-12-01,14:25,14,6,2
73.35,29.08,potassio,2024-12-02,10:56,11,9,3
54.15,20.95,potassio,2024-12-03,18:54,5,11,2
30.35,30.57,fosforo,2024-11-30,03:23,12,4,1
78.02,20.1,fosforo,2024-12-04,02:45,5,1,3
74.11,28.61,potassio,2024-11-30,07:39,6,12,1
37.64,30.04,potassio,2024-12-01,17:35,12,2,2
76.16,28.2,potassio,2024-12-01,23:55,9,11,1
39.86,20.29,fosforo,2024-12-04,02:53,5,6,2
30.19,22.85,potassio,2024-12-03,02:59,6,11,1
37.54,25.85,potassio,2024-12-03,03:08,11,13,1
67.8,34.75,fosforo,2024-12-03,08:48,9,5,2
49.14,34.63,fosforo,2024-11-30,21:01,11,12,2
49.07,23.16,fosforo,2024-12-01,00:31,6,4,1
55.75,31.93,potassio,2024-12-01,12:00,5,7,1
69.12,20.32,fosforo,2024-12-04,17:28,9,8,2
62.83,28.29,potassio,2024-12-02,23:29,8,11,2
45.16,28.24,fosforo,2024-11-30,06:51,14,8,1
67.24,22.45,fosforo,2024-12-04,02:13,9,2,3
75.52,20.05,potassio,2024-12-04,07:09,6,7,1
37.76,17.27,fosforo,2024-12-02,09:31,10,7,2
76.88,18.55,fosforo,2024-12-02,14:08,11,9,1
68.28,31.61,potassio,2024-12-04,03:58,8,2,2
72.97,15.13,fosforo,2024-12-02,00:10,9,11,3
45.02,32.94,fosforo,2024-12-03,20:14,14,11,3
29.28,29.41,potassio,2024-12-01,23:10,13,7,2
64.56,22.13,potassio,2024-12-04,05:34,9,7,2
58.96,27.62,fosforo,2024-12-04,06:01,9,12,3
21.66,26.26,fosforo,2024-12-01,10:20,11,12,2
27.94,22.44,potassio,2024-12-01,10:31,12,11,3
28.83,17.29,potassio,2024-12-03,23:28,8,7,3
61.06,20.69,fosforo,2024-11-30,12:03,10,1,1
67.66,19.12,potassio,2024-12-04,21:45,9,5,3
44.62,21.48,potassio,2024-12-01,05:30,12,3,3
63.86,31.23,potassio,2024-12-03,18:43,11,6,3
22.45,16.95,fosforo,2024-12-04,10:16,14,11,3
41.67,32.81,fosforo,2024-11-30,01:06,13,14,1
55.32,33.76,potassio,2024-12-03,13:30,9,12,1
42.02,16.29,potassio,2024-12-02,04:49,9,9,1
45.2,33.45,fosforo,2024-12-03,17:00,8,6,2
75.77,30.03,fosforo,2024-12-01,18:04,13,10,1
64.95,26.09,potassio,2024-11-30,14:30,6,14,3
67.44,27.13,fosforo,2024-12-02,14:38,13,15,3
78.97,17.7,potassio,2024-11-30,21:56,5,12,1
28.45,15.74,potassio,2024-12-03,08:51,5,10,2
76.41,34.83,fosforo,2024-12-02,03:27,12,5,1
47.32,25.61,potassio,2024-12-01,06:49,8,13,1
23.12,19.89,potassio,2024-11-30,04:44,6,13,1
75.24,15.06,fosforo,2024-12-03,18:20,13,3,2
66.14,26.78,potassio,2024-12-04,17:46,12,7,2
44.57,23.89,fosforo,2024-12-02,01:23,8,1,3
46.78,18.59,fosforo,2024-12-01,19:31,8,4,2
57.48,23.87,potassio,2024-12-01,20:52,7,8,2
24.09,33.75,fosforo,2024-12-04,21:01,9,3,2
29.78,19.57,potassio,2024-12-02,02:21,13,6,3
67.47,21.41,fosforo,2024-12-02,22:17,6,5,1
29.52,25.74,fosforo,2024-11-30,04:05,10,9,1
78.01,33.78,fosforo,2024-11-30,12:34,7,14,3
31.01,16.69,fosforo,2024-12-03,12:27,9,1,3
68.1,29.03,fosforo,2024-12-03,19:56,15,12,2
39.72,29.85,fosforo,2024-12-01,14:09,8,7,1
26.57,30.42,fosforo,2024-12-03,11:55,5,11,3
35.75,30.65,potassio,2024-11-30,16:06,9,7,1
24.79,34.39,fosforo,2024-12-01,11:49,6,12,3
61.99,20.52,fosforo,2024-12-03,16:13,9,10,1
71.05,32.23,potassio,2024-12-04,06:47,15,2,1
49.14,20.57,fosforo,2024-11-30,22:04,9,8,3
56.89,29.7,fosforo,2024-12-01,05:20,5,7,1
27.24,17.95,potassio,2024-12-02,02:39,12,7,1
35.34,16.63,fosforo,2024-12-02,20:03,5,2,3
53.16,15.89,fosforo,2024-12-01,23:37,7,9,2
51.77,25.18,potassio,2024-12-04,15:56,11,13,3
62.01,18.53,potassio,2024-12-03,13:03,15,14,3
50.1,24.18,potassio,2024-12-03,13:28,15,6,1
58.62,17.38,fosforo,2024-11-30,03:24,15,2,3
58.45,31.54,potassio,2024-12-04,01:27,8,15,1
47.43,18.99,potassio,2024-12-01,00:16,12,14,2
32.72,32.66,potassio,2024-12-03,15:00,8,11,2
69.02,33.05,fosforo,2024-12-04,15:13,10,12,2
36.87,30.53,fosforo,2024-12-04,07:39,12,15,2
66.99,29.38,potassio,2024-11-30,17:38,15,3,2
78.25,19.71,potassio,2024-11-30,15:00,7,11,3
53.97,22.39,fosforo,2024-12-04,18:22,12,2,3
71.48,26.59,fosforo,2024-11-30,05:19,14,11,1
55.95,21.98,potassio,2024-12-02,07:51,6,4,2
65.93,15.56,fosforo,2024-11-30,15:19,12,4,3
36.09,25.15,potassio,2024-12-04,12:57,13,9,3
46.48,21.06,potassio,2024-12-02,19:34,7,8,2
52.13,22.98,fosforo,2024-12-04,19:55,12,8,1
77.09,34.23,fosforo,2024-12-04,12:58,5,7,3
42.25,25.64,fosforo,2024-12-02,21:47,6,10,2
24.32,17.5,potassio,2024-12-03,14:07,7,11,1
61.94,17.8,fosforo,2024-12-02,23:53,15,1,1
51.95,29.15,potassio,2024-11-30,15:24,12,3,1
52.62,18.43,potassio,2024-12-02,13:47,14,4,1
22.39,20.34,potassio,2024-12-03,06:05,11,7,3
70.18,29.68,potassio,2024-12-04,02:14,12,10,2
77.31,21.5,fosforo,2024-12-02,19:45,7,12,2
49.18,22.32,fosforo,2024-12-01,11:56,9,12,2
47.2,25.23,potassio,2024-12-03,11:27,8,4,2
65.97,16.7,potassio,2024-11-30,04:05,12,5,3
47.97,33.34,potassio,2024-12-01,02:04,5,7,3
39.74,15.7,potassio,2024-12-02,14:26,15,12,1
32.55,28.04,potassio,2024-12-04,07:38,8,15,1
69.59,20.47,potassio,2024-12-04,07:28,6,7,3
67.94,19.7,potassio,2024-12-01,11:31,6,12,3
45.85,34.66,fosforo,2024-12-01,09:42,9,10,1
57.33,30.83,fosforo,2024-12-01,01:27,5,14,1
49.74,23.95,potassio,2024-11-30,06:11,8,1,3
23.97,16.34,potassio,2024-12-03,23:28,8,11,3
75.44,29.42,fosforo,2024-12-02,08:49,6,3,1
51.89,23.05,potassio,2024-12-04,11:03,15,10,2
78.99,18.24,fosforo,2024-12-01,02:44,6,12,1
54.3,24.62,potassio,2024-12-04,03:56,7,7,2
28.7,26.37,fosforo,2024-11-30,17:41,5,14,3
29.21,17.06,potassio,2024-12-02,03:18,15,15,2
32.49,21.43,potassio,2024-12-02,21:03,12,11,3
36.86,32.31,fosforo,2024-12-03,09:47,8,11,3
46.44,33.6,potassio,2024-12-02,06:53,7,6,3
36.14,26.66,fosforo,2024-12-03,03:47,11,13,3
58.68,24.5,potassio,2024-11-30,01:04,8,14,1
45.34,27.39,potassio,2024-12-01,06:27,11,2,2
29.62,22.99,potassio,2024-12-01,22:38,7,1,2
44.06,29.25,potassio,2024-12-02,00:29,7,4,3
79.72,30.99,potassio,2024-12-01,09:04,8,11,1
27.43,25.9,fosforo,2024-11-30,14:51,12,9,3
50.75,17.62,fosforo,2024-12-01,20:48,12,2,1
37.27,34.63,potassio,2024-12-04,19:39,12,4,3
33.78,22.24,fosforo,2024-11-30,13:02,5,11,1
65.82,25.53,fosforo,2024-12-01,07:45,12,6,3
60.24,15.15,fosforo,2024-12-04,20:48,13,10,2
26.26,30.44,fosforo,2024-12-01,12:39,8,7,1
44.1,32.3,potassio,2024-11-30,05:14,14,13,1
27.21,17.88,potassio,2024-12-04,02:41,10,6,2
34.84,24.54,fosforo,2024-12-02,05:22,9,14,3
77.35,21.25,potassio,2024-12-03,04:52,11,12,2
39.06,17.34,potassio,2024-11-30,12:55,6,3,1
30.15,17.63,fosforo,2024-12-01,14:57,15,1,2
65.53,21.84,fosforo,2024-12-04,04:56,14,1,2
79.98,25.55,potassio,2024-12-02,16:06,9,2,2
51.95,31.66,potassio,2024-12-04,03:05,7,5,1
28.06,34.07,potassio,2024-12-02,19:42,6,8,2
76.85,23.8,potassio,2024-12-01,16:48,8,5,1
46.35,26.28,fosforo,2024-12-02,04:51,9,10,2
70.5,16.5,potassio,2024-12-02,16:21,8,6,3
39.18,19.66,potassio,2024-12-02,14:41,9,10,2
59.07,25.93,fosforo,2024-12-01,02:25,14,14,2
63.97,26.17,fosforo,2024-12-04,23:05,9,4,3
51.19,26.2,fosforo,2024-12-04,08:43,10,1,1
30.23,26.11,potassio,2024-12-02,05:05,11,4,3
40.94,23.0,potassio,2024-12-03,05:16,11,13,1
52.19,27.14,potassio,2024-12-03,01:15,14,9,3
78.39,27.27,potassio,2024-12-03,18:39,8,12,1
27.1,29.73,potassio,2024-11-30,20:39,9,8,1
26.94,30.93,potassio,2024-12-02,14:10,15,5,1
36.55,25.77,fosforo,2024-12-02,14:43,11,1,2
57.04,17.04,fosforo,2024-12-03,14:44,6,9,3
36.66,22.81,fosforo,2024-11-30,19:42,13,6,2
58.55,31.72,potassio,2024-12-03,07:43,14,7,3
32.69,34.07,fosforo,2024-12-04,14:16,11,2,2
32.7,24.18,fosforo,2024-11-30,03:50,8,12,3
42.73,34.95,fosforo,2024-12-03,06:04,15,8,1
59.11,29.1,potassio,2024-11-30,04:20,6,9,1
33.23,21.86,fosforo,2024-12-04,19:31,13,8,3
76.53,22.24,potassio,2024-12-03,02:53,6,5,3
77.93,31.49,potassio,2024-12-01,10:38,9,14,1
71.45,24.21,potassio,2024-12-04,06:22,6,6,3
33.23,27.34,fosforo,2024-11-30,09:58,11,5,2
67.21,25.25,potassio,2024-11-30,07:11,11,3,1
50.31,28.97,potassio,2024-12-04,00:49,14,14,2
61.28,31.23,fosforo,2024-12-02,10:16,10,10,2
68.87,18.86,potassio,2024-12-02,01:23,13,6,3
46.15,26.09,potassio,2024-12-01,14:02,15,12,3
61.87,28.37,potassio,2024-12-04,14:19,6,13,2
54.38,25.07,fosforo,2024-12-03,19:49,8,10,1
37.43,31.56,fosforo,2024-12-03,17:10,10,7,3
51.27,29.99,fosforo,2024-12-01,20:24,15,14,1
78.34,28.4,fosforo,2024-12-03,05:24,7,5,2
73.39,19.73,potassio,2024-12-04,16:48,7,15,3
40.41,31.29,fosforo,2024-12-01,05:24,8,13,2
26.22,17.51,potassio,2024-11-30,11:31,5,1,2
23.67,25.91,fosforo,2024-12-04,13:11,11,6,3
70.82,27.3,potassio,2024-11-30,05:40,9,5,1
22.27,22.63,potassio,2024-12-01,20:40,5,2,2
59.46,22.41,fosforo,2024-11-30,16:43,12,2,3
39.31,15.59,fosforo,2024-12-01,21:41,8,4,2
59.41,20.78,potassio,2024-12-02,04:46,7,6,3
54.13,32.0,fosforo,2024-12-03,17:26,13,4,2
57.48,33.86,fosforo,2024-11-30,22:22,8,6,1
29.24,15.66,potassio,2024-11-30,19:48,11,7,1
39.98,16.97,potassio,2024-11-30,20:49,6,6,2
48.28,24.16,potassio,2024-12-02,15:27,8,9,2
78.43,28.0,fosforo,2024-12-04,05:51,14,12,3
68.16,26.21,potassio,2024-11-30,23:10,7,1,1
72.07,32.68,potassio,2024-12-03,08:45,6,12,2
47.27,30.57,potassio,2024-12-01,01:53,7,14,1
77.41,17.44,potassio,2024-12-04,20:20,12,9,2
68.56,24.63,potassio,2024-12-03,19:35,13,1,3
46.61,22.08,potassio,2024-11-30,06:12,14,10,2
38.33,22.19,potassio,2024-11-30,12:51,15,7,3
27.08,26.19,potassio,2024-12-01,06:48,5,2,3
62.99,26.61,potassio,2024-12-02,15:12,14,15,2
59.97,21.28,fosforo,2024-11-30,12:29,8,9,3
39.81,16.64,fosforo,2024-12-01,22:43,11,7,3
40.13,23.24,potassio,2024-12-02,19:23,10,7,1
27.28,27.55,potassio,2024-12-01,04:55,13,13,3
67.08,30.45,fosforo,2024-12-04,01:39,5,10,2
44.36,33.86,fosforo,2024-11-30,01:11,12,8,2
42.58,25.97,potassio,2024-12-04,12:39,15,3,1
48.62,17.68,potassio,2024-12-01,14:54,9,6,3
42.9,29.41,fosforo,2024-12-03,07:02,13,10,1
25.42,34.81,fosforo,2024-12-03,04:57,9,3,1
41.98,26.32,fosforo,2024-12-02,09:03,5,12,1
24.87,16.84,potassio,2024-11-30,03:31,10,6,1
42.23,15.27,fosforo,2024-12-04,18:18,13,6,3
66.94,25.72,fosforo,2024-12-03,11:51,10,10,2
77.98,32.18,fosforo,2024-12-03,07:36,10,9,1
60.47,29.95,fosforo,2024-12-03,17:11,14,4,1
27.2,32.38,potassio,2024-12-02,01:28,15,8,2
77.66,20.21,potassio,2024-12-01,20:28,9,4,2
37.27,32.06,fosforo,2024-12-01,09:05,8,3,2
65.96,34.49,potassio,2024-12-02,01:34,13,3,3
68.63,28.71,potassio,2024-12-02,01:39,15,15,2
30.48,21.91,fosforo,2024-12-03,18:47,10,12,3
77.46,33.85,fosforo,2024-12-02,23:18,15,1,1
70.01,21.1,fosforo,2024-12-03,18:43,12,9,2
68.99,28.45,potassio,2024-11-30,22:31,7,8,1
60.64,15.03,potassio,2024-12-03,15:38,11,6,1
66.08,18.33,fosforo,2024-12-03,22:08,11,3,3
75.78,28.72,fosforo,2024-12-02,04:27,13,4,1
78.4,34.38,fosforo,2024-12-02,15:32,15,10,3
48.37,31.77,potassio,2024-12-04,23:58,10,4,3
77.93,19.16,potassio,2024-11-30,06:17,7,14,2
60.78,30.21,potassio,2024-12-03,13:41,11,12,3
36.02,19.69,potassio,2024-12-04,13:19,11,4,3
70.68,23.51,potassio,2024-12-01,06:03,9,5,3
27.73,24.94,fosforo,2024-12-04,21:43,11,4,3
44.67,33.1,fosforo,2024-12-01,13:57,6,7,2
22.22,22.92,fosforo,2024-12-02,14:46,12,11,1
41.99,22.49,fosforo,2024-12-02,18:00,10,7,1
55.91,32.07,potassio,2024-12-02,12:42,6,13,2
27.85,21.29,fosforo,2024-12-01,23:37,7,15,2
51.47,20.9,fosforo,2024-12-01,23:45,9,7,2
42.67,24.2,potassio,2024-12-04,00:53,8,8,2
53.3,32.41,potassio,2024-12-03,09:06,7,11,2
34.21,15.19,potassio,2024-11-30,11:24,12,3,3
32.15,24.37,fosforo,2024-12-02,14:15,14,10,3
23.06,23.89,potassio,2024-12-04,15:32,8,11,2
31.97,31.41,fosforo,2024-12-01,00:01,15,6,3
72.42,20.61,potassio,2024-12-04,02:16,9,11,1
63.54,21.49,potassio,2024-12-04,17:10,9,2,3
60.7,20.94,fosforo,2024-12-03,15:06,15,3,3
57.43,34.56,potassio,2024-11-30,03:05,15,12,2
36.74,20.63,fosforo,2024-12-04,23:01,11,10,1
33.65,18.0,potassio,2024-12-02,08:53,5,10,1
38.56,18.24,fosforo,2024-12-04,04:08,11,14,1
21.07,23.54,potassio,2024-12-01,05:49,15,4,1
63.9,29.16,fosforo,2024-11-30,05:32,12,12,1
60.99,34.77,fosforo,2024-12-02,09:28,13,4,3
39.07,34.59,fosforo,2024-12-03,08:11,5,13,3
58.09,30.31,potassio,2024-12-03,04:51,8,13,3
56.95,34.5,fosforo,2024-12-04,03:13,9,15,2
34.25,26.34,potassio,2024-11-30,13:05,15,6,1
58.78,33.44,potassio,2024-12-03,03:54,11,13,2
74.94,19.21,fosforo,2024-12-03,09:58,6,4,3
29.62,28.46,fosforo,2024-12-01,11:33,14,11,3
52.85,31.43,fosforo,2024-12-02,07:34,12,2,3
47.87,16.47,potassio,2024-12-04,13:30,15,5,2
58.52,24.62,fosforo,2024-12-02,17:37,14,9,3
41.25,27.21,potassio,2024-12-03,23:39,6,6,2
28.26,30.33,fosforo,2024-12-04,02:52,11,9,3
79.77,31.11,potassio,2024-11-30,06:19,5,11,2
26.18,21.28,potassio,2024-12-04,22:48,9,1,2
27.03,33.09,potassio,2024-11-30,06:59,5,3,3
79.24,31.73,fosforo,2024-12-03,00:12,7,2,3
26.84,29.78,potassio,2024-12-03,01:36,13,13,2
65.2,30.14,potassio,2024-12-03,19:57,7,7,3
74.44,21.57,potassio,2024-11-30,08:42,12,13,1
61.26,19.17,potassio,2024-12-03,16:16,5,1,1
69.35,29.02,fosforo,2024-12-03,21:15,14,12,3
66.19,19.12,fosforo,2024-12-03,16:06,10,10,1
31.42,21.09,potassio,2024-11-30,01:33,14,11,3
77.6,21.93,fosforo,2024-12-04,07:02,5,6,3
71.11,34.94,potassio,2024-12-01,17:43,6,13,3
67.37,22.46,potassio,2024-12-04,13:33,7,7,3
66.46,15.74,fosforo,2024-12-03,08:27,7,12,3
56.44,29.87,fosforo,2024-12-03,08:39,5,15,1
68.91,33.03,potassio,2024-12-02,15:36,15,7,3
42.24,22.36,potassio,2024-12-03,19:58,6,6,3
68.2,20.14,fosforo,2024-12-02,06:38,10,4,3
63.63,32.86,fosforo,2024-12-03,20:11,8,8,2
35.7,29.1,fosforo,2024-12-01,20:16,8,12,2
49.5,26.0,potassio,2024-12-04,18:45,5,4,3
26.52,34.69,fosforo,2024-12-04,03:17,11,8,1
54.61,19.76,potassio,2024-12-01,08:08,6,4,3
76.09,30.5,fosforo,2024-12-02,22:27,11,14,1
51.22,16.42,potassio,2024-12-03,22:26,8,13,3
27.0,34.26,fosforo,2024-12-03,14:41,8,13,3
52.91,25.54,potassio,2024-12-03,10:06,11,8,3
78.38,18.12,fosforo,2024-12-03,08:47,13,11,2
20.16,31.05,potassio,2024-12-02,07:26,13,5,3
55.68,32.94,potassio,2024-12-01,16:21,5,15,1
62.57,30.31,potassio,2024-11-30,23:15,11,4,3
68.6,27.41,fosforo,2024-11-30,16:54,12,1,2
72.39,30.89,potassio,2024-12-03,06:56,5,8,1
52.46,18.6,fosforo,2024-12-03,04:35,10,1,2
33.91,20.85,fosforo,2024-12-02,13:39,6,12,3
74.14,28.58,fosforo,2024-11-30,08:49,11,6,3
33.45,22.26,potassio,2024-12-01,13:02,10,2,2
38.45,30.4,potassio,2024-12-04,02:54,5,6,2
50.16,16.5,potassio,2024-12-04,09:02,9,5,3
51.54,22.56,fosforo,2024-12-03,10:12,12,13,1
59.45,20.96,fosforo,2024-12-01,09:19,7,8,2
74.0,32.31,fosforo,2024-12-01,02:28,13,10,1
31.26,24.43,fosforo,2024-11-30,21:21,14,5,2
22.39,25.82,potassio,2024-12-01,03:29,9,14,1
25.58,30.84,potassio,2024-12-01,23:09,6,3,1
72.67,29.26,potassio,2024-11-30,08:24,10,4,3
68.5,20.11,potassio,2024-12-03,11:31,9,11,2
28.8,30.18,fosforo,2024-12-01,23:20,7,11,1
46.97,18.04,potassio,2024-12-01,05:37,6,3,1
73.29,29.77,potassio,2024-11-30,12:14,9,13,3
75.81,30.9,potassio,2024-11-30,15:22,5,2,1
66.23,25.26,potassio,2024-12-02,16:35,13,8,3
32.84,21.93,fosforo,2024-12-02,20:21,7,1,1
48.32,33.35,potassio,2024-12-02,08:05,9,14,2
33.63,19.19,fosforo,2024-11-30,17:49,15,1,3
57.4,31.21,potassio,2024-12-02,06:35,11,8,3
51.33,31.3,fosforo,2024-12-02,02:17,15,7,3
72.89,22.7,potassio,2024-12-02,20:49,10,6,1
50.78,27.79,fosforo,2024-12-04,13:17,5,7,1
28.23,22.99,potassio,2024-11-30,11:49,9,4,3
78.66,17.27,fosforo,2024-12-04,07:36,15,5,1
49.09,22.77,fosforo,2024-11-30,20:18,7,11,1
27.66,33.57,potassio,2024-12-02,02:10,15,15,2
73.58,17.12,potassio,2024-12-03,04:00,6,7,1
49.19,23.85,potassio,2024-12-01,15:24,9,11,3
31.92,28.37,potassio,2024-12-03,03:20,15,13,3
48.82,27.73,potassio,2024-11-30,03:28,7,13,2
42.32,22.02,fosforo,2024-12-02,22:52,12,13,2
51.88,33.74,fosforo,2024-12-03,07:09,10,3,2
63.92,17.15,potassio,2024-11-30,00:30,10,8,2
72.95,31.98,fosforo,2024-11-30,02:43,12,9,2
23.67,18.16,fosforo,2024-12-04,18:50,11,1,2
58.53,26.24,potassio,2024-12-02,15:33,9,1,1
36.29,30.51,fosforo,2024-12-02,00:20,11,12,3
62.68,34.34,potassio,2024-12-03,16:33,8,13,2
70.91,32.92,potassio,2024-12-02,17:05,12,14,1
58.42,15.61,potassio,2024-12-01,11:50,6,1,2
55.33,33.28,potassio,2024-12-03,08:49,5,9,3
70.89,32.1,potassio,2024-12-03,04:00,9,10,3
63.78,16.95,potassio,2024-12-04,20:38,7,14,1
32.44,21.53,fosforo,2024-12-03,16:53,15,8,1
42.79,19.36,potassio,2024-12-01,04:04,15,7,3
37.75,25.24,fosforo,2024-12-01,23:30,15,9,2
66.02,33.45,fosforo,2024-12-04,20:58,14,12,2
50.02,22.67,fosforo,2024-12-02,23:22,11,11,1
64.18,28.93,potassio,2024-12-03,19:06,14,6,3
67.19,19.53,fosforo,2024-12-01,09:01,5,13,3
48.08,22.4,potassio,2024-11-30,01:52,15,11,2
61.22,32.55,fosforo,2024-12-02,09:24,10,13,2
67.49,34.2,potassio,2024-12-01,21:32,13,4,3
36.74,29.72,fosforo,2024-12-02,21:04,9,6,3
67.18,16.18,potassio,2024-12-02,12:03,13,11,2
38.4,16.52,potassio,2024-11-30,09:23,8,2,1
65.01,29.83,fosforo,2024-11-30,02:58,9,4,3
31.85,26.15,fosforo,2024-12-01,09:35,7,4,2
36.93,28.66,fosforo,2024-12-02,12:02,12,11,3
20.56,26.06,fosforo,2024-11-30,09:11,8,11,1
59.78,27.51,fosforo,2024-12-03,14:47,7,3,1
22.78,21.34,potassio,2024-12-01,21:36,15,8,1
50.0,25.42,fosforo,2024-12-02,21:58,5,1,1
60.9,18.38,potassio,2024-11-30,04:04,10,2,1
46.89,24.27,fosforo,2024-12-01,15:41,10,7,3
51.03,31.94,fosforo,2024-12-03,13:25,9,14,2
58.45,25.79,fosforo,2024-12-02,05:34,11,7,1
74.07,33.22,fosforo,2024-12-01,02:37,9,9,3
22.68,27.93,potassio,2024-11-30,06:07,8,7,2
20.06,25.31,fosforo,2024-12-01,06:09,13,4,3
45.22,27.74,fosforo,2024-12-01,02:53,7,9,2
31.29,33.91,potassio,2024-12-01,14:02,13,6,1
62.57,23.61,potassio,2024-12-03,05:03,14,14,1
46.57,17.78,potassio,2024-12-04,05:24,13,3,1
75.43,25.55,fosforo,2024-12-04,20:38,13,11,2
25.25,32.57,potassio,2024-12-03,14:51,5,4,1
70.15,33.87,potassio,2024-12-03,04:44,12,10,1
59.22,26.23,fosforo,2024-12-02,02:59,9,11,1
20.76,21.84,fosforo,2024-11-30,21:36,5,3,2
50.72,32.31,fosforo,2024-11-30,11:37,12,2,2
42.7,22.48,potassio,2024-12-04,16:20,15,10,3
76.82,23.38,fosforo,2024-12-01,21:11,7,13,3
45.38,30.24,potassio,2024-12-01,22:40,15,3,1
28.95,20.34,fosforo,2024-12-02,21:48,5,1,2
68.48,24.62,fosforo,2024-12-01,12:00,13,9,3
43.24,28.94,fosforo,2024-11-30,16:13,7,1,2
54.24,18.82,fosforo,2024-11-30,01:46,10,13,2
53.91,27.73,fosforo,2024-12-01,18:30,11,6,1
62.78,22.05,potassio,2024-11-30,21:27,7,8,1
43.45,33.37,fosforo,2024-12-01,13:08,15,5,1
28.01,30.3,fosforo,2024-12-03,13:27,13,7,3
49.56,17.03,fosforo,2024-12-04,19:10,7,10,1
36.91,21.44,fosforo,2024-12-03,21:56,14,3,3
36.58,32.56,fosforo,2024-12-03,07:26,12,15,1
65.18,18.06,fosforo,2024-12-02,10:53,12,7,3
51.69,20.09,fosforo,2024-12-03,08:44,8,2,2
36.9,26.86,potassio,2024-12-03,01:58,13,5,2
48.83,15.51,potassio,2024-12-01,15:29,7,7,3
45.62,19.73,potassio,2024-12-04,06:28,14,6,3
28.8,25.42,fosforo,2024-11-30,04:25,8,11,2
58.59,21.21,potassio,2024-12-02,11:37,12,14,1
28.34,32.35,potassio,2024-12-01,07:49,9,14,3
51.37,34.13,potassio,2024-12-02,18:15,15,13,1
49.97,23.41,potassio,2024-11-30,20:10,14,11,1
67.71,23.01,potassio,2024-11-30,08:35,8,10,3
57.27,29.97,fosforo,2024-12-03,05:38,10,13,2
48.09,24.87,potassio,2024-12-01,14:54,7,9,3
31.41,26.33,potassio,2024-12-02,04:48,14,5,1
29.36,29.96,potassio,2024-11-30,06:13,11,10,1
39.83,32.69,fosforo,2024-11-30,22:26,15,9,1
62.91,25.57,potassio,2024-12-03,08:38,6,4,1
66.13,27.47,fosforo,2024-12-04,23:15,11,7,1
68.3,15.06,fosforo,2024-11-30,03:19,14,8,3
20.81,28.28,potassio,2024-12-04,15:11,15,9,1
38.09,34.09,potassio,2024-11-30,21:59,6,4,1
28.69,22.4,potassio,2024-12-01,04:32,13,13,3
44.43,28.53,fosforo,2024-12-02,09:12,7,10,2
28.93,32.1,potassio,2024-12-03,23:35,12,11,1
36.55,17.85,fosforo,2024-12-03,11:07,5,3,2
38.26,16.27,fosforo,2024-12-02,01:12,7,13,3
76.93,29.29,fosforo,2024-11-30,17:37,13,11,1
66.42,26.04,fosforo,2024-12-04,10:23,15,14,2
40.1,29.45,fosforo,2024-12-04,06:29,11,13,2
56.16,23.84,potassio,2024-12-04,06:23,15,13,3
22.25,26.62,fosforo,2024-12-04,15:38,9,15,2
31.39,29.08,potassio,2024-12-02,10:37,10,13,3
70.97,34.38,fosforo,2024-11-30,23:19,7,5,2
75.61,32.07,potassio,2024-12-04,19:38,7,15,3
72.93,21.92,potassio,2024-12-02,15:12,11,2,1
48.24,28.18,potassio,2024-12-02,04:34,13,13,2
55.35,17.47,potassio,2024-12-04,07:16,7,3,3
21.87,17.22,fosforo,2024-12-01,12:46,7,8,3
40.98,15.47,potassio,2024-12-02,12:10,11,10,3
23.98,26.3,potassio,2024-11-30,02:05,6,3,2
33.31,32.94,fosforo,2024-12-03,02:31,7,7,1
52.25,15.95,potassio,2024-12-04,07:58,15,12,2
78.31,29.57,fosforo,2024-12-03,11:34,6,1,2
59.78,32.55,fosforo,2024-12-03,07:55,11,6,2
36.86,21.62,fosforo,2024-12-02,13:45,6,10,2
27.08,27.35,potassio,2024-12-01,11:36,9,1,2
31.0,21.53,fosforo,2024-12-04,02:13,10,14,3
42.34,28.26,potassio,2024-11-30,22:46,7,4,1
28.89,23.01,potassio,2024-12-02,00:52,14,11,1
74.27,22.82,fosforo,2024-12-02,01:52,9,14,3
60.92,29.61,fosforo,2024-12-02,07:21,5,15,3
72.31,17.23,fosforo,2024-12-02,21:20,7,11,3
69.88,29.23,fosforo,2024-12-02,07:18,5,2,1
53.59,31.5,potassio,2024-11-30,17:57,14,8,1
22.43,26.11,potassio,2024-12-04,00:57,10,10,2
46.91,26.14,fosforo,2024-12-02,10:03,13,13,3
69.79,28.78,potassio,2024-12-04,11:19,7,1,2
76.81,31.34,potassio,2024-12-04,07:34,12,12,2
47.33,22.32,fosforo,2024-12-01,18:15,9,5,3
37.0,31.39,potassio,2024-12-03,19:11,15,13,1
67.52,26.57,fosforo,2024-12-01,21:49,11,3,1
49.3,18.39,potassio,2024-12-02,00:43,15,2,3
40.5,27.94,fosforo,2024-12-04,17:19,6,14,1
24.29,22.78,fosforo,2024-12-04,17:53,9,9,2
49.92,32.15,fosforo,2024-11-30,07:16,7,10,3
51.4,18.61,potassio,2024-11-30,20:17,10,14,3
77.81,23.09,potassio,2024-12-01,02:23,15,2,1
53.81,33.84,fosforo,2024-11-30,14:13,9,5,3
22.78,30.32,fosforo,2024-12-04,23:43,11,15,2
73.03,20.98,potassio,2024-12-01,21:56,8,13,1
79.17,16.46,fosforo,2024-12-01,18:32,12,12,1
26.44,16.78,fosforo,2024-12-04,08:55,6,3,1
70.96,20.18,fosforo,2024-12-02,01:31,15,8,2
39.29,30.11,fosforo,2024-12-02,07:26,11,5,2
41.02,19.4,fosforo,2024-11-30,04:31,5,8,3
47.45,30.79,fosforo,2024-12-01,14:16,8,15,3
20.93,19.11,potassio,2024-12-03,16:52,12,2,2
66.17,15.61,potassio,2024-12-04,02:57,5,12,3
42.13,31.53,fosforo,2024-12-03,10:07,9,11,3
77.18,24.38,potassio,2024-11-30,23:08,14,3,1
38.82,24.66,potassio,2024-12-03,08:03,12,15,1
56.15,23.72,fosforo,2024-11-30,19:26,12,5,3
60.46,33.16,potassio,2024-12-01,13:08,9,1,3
76.91,26.86,fosforo,2024-12-04,11:08,5,9,2
46.35,25.58,fosforo,2024-12-02,11:53,10,4,2
24.7,31.75,potassio,2024-12-02,07:31,11,1,2
41.03,29.83,potassio,2024-12-01,15:35,5,5,3
42.43,17.18,potassio,2024-12-04,10:40,13,11,1
34.5,27.22,potassio,2024-12-02,18:31,8,14,2
59.69,24.06,potassio,2024-12-03,15:51,6,8,1
20.73,26.36,potassio,2024-12-03,01:08,12,9,1
37.38,31.9,potassio,2024-12-02,03:03,11,14,3
68.9,28.81,potassio,2024-12-02,19:27,14,7,3
46.86,22.67,fosforo,2024-12-01,09:21,9,9,2
36.29,27.71,potassio,2024-12-03,11:43,14,15,2
77.89,27.08,potassio,2024-12-04,20:41,8,4,3
69.36,19.45,potassio,2024-12-02,03:49,8,8,3
55.63,30.0,fosforo,2024-11-30,02:16,12,13,3
71.9,26.6,fosforo,2024-12-01,12:59,6,3,2
27.94,16.08,potassio,2024-12-01,20:34,9,12,3
45.6,30.87,fosforo,2024-12-02,02:16,15,4,2
22.16,21.54,fosforo,2024-11-30,12:58,13,14,1
38.44,20.98,potassio,2024-12-04,06:45,8,8,1
35.45,15.17,potassio,2024-11-30,10:14,5,4,2
32.09,19.72,potassio,2024-12-03,22:16,15,7,2
76.38,24.81,potassio,2024-12-03,03:51,5,1,3
66.16,30.16,potassio,2024-12-03,09:20,5,5,1
36.14,20.68,potassio,2024-12-03,12:13,14,12,2
51.54,28.3,fosforo,2024-12-02,17:49,10,6,3
30.72,16.32,fosforo,2024-11-30,07:40,12,5,2
61.18,20.65,potassio,2024-12-02,15:46,7,9,3
50.16,25.41,potassio,2024-12-01,13:50,7,4,1
46.38,32.39,fosforo,2024-12-02,02:37,14,11,1
23.45,24.2,potassio,2024-12-02,20:22,5,13,3
34.87,17.47,potassio,2024-12-04,03:25,6,8,2
39.16,23.36,potassio,2024-12-01,13:19,11,13,3
36.4,19.11,potassio,2024-12-03,07:20,8,9,2
20.35,17.54,potassio,2024-12-02,03:17,12,3,1
68.64,24.45,potassio,2024-12-04,21:10,6,9,2
52.64,24.13,potassio,2024-11-30,19:58,9,6,2
64.65,32.65,fosforo,2024-12-01,06:24,8,14,1
40.18,26.22,fosforo,2024-12-04,00:15,9,1,1
28.47,16.95,fosforo,2024-12-02,20:57,14,10,2
25.88,15.72,potassio,2024-12-04,17:02,12,12,2
33.64,33.97,fosforo,2024-12-04,00:40,10,15,3
68.78,24.54,potassio,2024-12-03,13:26,15,14,2
53.33,24.22,potassio,2024-11-30,21:29,13,11,3
31.96,27.2,potassio,2024-12-03,00:42,10,2,3
76.38,24.81,potassio,2024-12-03,00:49,7,12,1
48.42,26.34,fosforo,2024-12-03,14:45,14,1,1
24.43,34.09,potassio,2024-12-02,12:34,8,10,2
52.91,34.88,fosforo,2024-12-01,08:47,9,9,3
65.24,19.96,fosforo,2024-12-04,00:51,7,12,1
52.24,29.12,fosforo,2024-12-02,12:47,14,12,2
63.12,21.04,potassio,2024-12-02,21:24,10,9,1
77.38,27.49,fosforo,2024-12-03,12:09,14,4,1
51.53,18.67,fosforo,2024-12-01,19:41,12,7,1
76.67,15.87,fosforo,2024-12-04,01:00,8,10,1
58.9,20.62,potassio,2024-12-02,14:26,12,3,3
22.72,33.49,potassio,2024-12-03,05:01,13,2,1
78.6,28.33,fosforo,2024-12-02,03:51,13,14,2
28.68,15.49,fosforo,2024-11-30,21:06,5,4,3
27.19,16.72,potassio,2024-11-30,00:19,6,11,1
33.26,15.49,potassio,2024-11-30,14:49,5,11,2
36.43,15.49,potassio,2024-12-01,13:16,10,11,1
58.55,16.3,potassio,2024-12-03,05:22,9,3,3
38.44,27.91,potassio,2024-12-01,04:22,12,14,1
58.85,19.29,fosforo,2024-12-01,23:59,7,14,3
48.86,33.75,fosforo,2024-11-30,06:34,10,5,1
38.74,17.75,fosforo,2024-12-04,22:15,7,2,2
45.85,23.66,fosforo,2024-12-03,22:04,14,8,1
20.78,34.32,fosforo,2024-12-03,18:12,10,6,1
55.28,31.25,fosforo,2024-11-30,15:57,15,6,2
35.07,27.18,potassio,2024-12-02,14:19,13,1,1
30.77,30.24,potassio,2024-12-01,00:49,10,2,3
36.53,20.07,potassio,2024-12-04,17:18,8,15,3
23.23,18.33,fosforo,2024-12-02,02:16,15,2,2
57.86,29.75,fosforo,2024-12-03,21:19,14,4,1
37.76,26.75,fosforo,2024-12-04,13:00,11,7,3
37.59,26.24,potassio,2024-12-01,06:35,5,7,3
69.42,34.79,fosforo,2024-12-03,20:17,6,10,1
43.12,22.05,fosforo,2024-12-02,20:53,6,8,1
36.94,32.64,potassio,2024-12-03,08:17,8,7,3
53.03,23.35,fosforo,2024-11-30,22:22,13,7,3
36.71,27.33,fosforo,2024-12-04,04:24,11,15,3
64.06,21.36,fosforo,2024-12-01,08:36,14,6,3
71.95,26.96,fosforo,2024-12-04,02:56,5,8,1
55.0,17.42,fosforo,2024-11-30,07:34,5,2,2
34.53,30.02,potassio,2024-12-03,15:09,10,8,2
28.69,34.27,fosforo,2024-11-30,14:56,13,5,1
33.56,28.56,fosforo,2024-12-04,23:24,14,4,2
31.85,30.1,fosforo,2024-12-04,20:09,8,4,1
32.52,20.43,potassio,2024-12-01,05:24,5,1,3
28.21,17.24,potassio,2024-12-01,03:46,14,12,3
59.3,20.46,potassio,2024-12-01,13:44,15,11,2
58.28,23.0,potassio,2024-12-03,22:59,14,12,2
52.97,26.59,potassio,2024-12-03,01:41,6,10,1
70.27,31.97,fosforo,2024-12-01,06:22,14,5,3
74.95,17.08,fosforo,2024-12-04,17:12,14,13,3
77.46,29.49,potassio,2024-12-02,17:52,12,8,2
78.31,27.01,fosforo,2024-11-30,19:19,8,2,2
65.01,20.75,fosforo,2024-12-01,22:53,7,8,3
29.85,15.95,potassio,2024-12-04,07:20,15,1,1
40.49,19.29,potassio,2024-12-01,10:14,10,7,2
24.98,23.53,fosforo,2024-12-03,16:08,9,3,1
47.03,33.95,fosforo,2024-12-01,18:28,12,4,3
30.23,27.47,potassio,2024-12-02,11:54,7,4,2
41.18,23.51,fosforo,2024-12-04,14:37,15,5,2
48.0,17.67,fosforo,2024-12-03,06:50,14,4,2
41.5,30.32,potassio,2024-12-04,14:11,5,10,1
43.64,20.93,fosforo,2024-12-04,09:18,5,3,1
30.65,33.0,potassio,2024-12-04,22:31,12,14,3
61.39,17.48,fosforo,2024-12-02,11:16,9,13,3
36.78,20.78,potassio,2024-12-04,01:15,10,14,2
48.51,31.38,potassio,2024-11-30,12:11,5,11,3
73.99,25.47,potassio,2024-11-30,21:53,11,4,2
30.46,18.44,potassio,2024-12-03,20:28,10,7,3
28.33,18.34,fosforo,2024-11-30,15:02,8,7,1
59.86,34.08,potassio,2024-12-04,01:55,8,12,3
27.16,18.1,potassio,2024-12-04,16:58,10,1,1
43.5,31.41,potassio,2024-12-02,23:49,12,15,2
38.12,18.35,potassio,2024-12-01,17:08,5,1,3
63.27,26.81,potassio,2024-12-03,14:51,7,10,1
56.8,17.12,potassio,2024-12-03,08:02,5,13,3
34.11,24.11,potassio,2024-11-30,12:21,10,15,3
42.89,22.49,fosforo,2024-12-01,10:18,9,11,1
30.89,24.47,potassio,2024-12-02,21:38,11,15,2
51.47,23.49,potassio,2024-12-01,03:49,14,12,1
36.35,21.92,potassio,2024-11-30,06:09,14,5,2
52.76,25.55,potassio,2024-12-02,13:55,13,11,3
28.2,20.64,fosforo,2024-12-02,08:12,11,8,1
35.38,24.54,potassio,2024-12-04,15:17,15,15,3
48.65,30.57,potassio,2024-12-02,04:23,9,9,3
41.92,16.77,fosforo,2024-12-03,02:29,12,15,1
41.55,23.92,potassio,2024-12-04,21:51,15,2,1
31.14,30.64,potassio,2024-12-01,01:20,10,9,1
35.3,28.34,potassio,2024-12-04,01:15,8,11,3
25.72,19.58,fosforo,2024-12-03,14:53,9,3,3
49.27,26.21,potassio,2024-12-02,00:25,10,11,2
37.24,33.21,potassio,2024-11-30,07:43,15,6,2
43.44,16.07,potassio,2024-11-30,22:33,11,13,2
49.13,15.93,potassio,2024-12-02,11:37,7,15,1
44.81,20.0,potassio,2024-11-30,10:52,14,5,1
33.27,29.25,potassio,2024-12-03,10:57,14,4,1
60.01,34.23,potassio,2024-12-01,11:30,8,2,1
35.06,25.61,fosforo,2024-11-30,08:56,7,12,1
21.75,22.33,fosforo,2024-12-01,07:55,13,9,1
67.75,27.79,fosforo,2024-12-01,17:01,15,13,2
66.97,24.83,potassio,2024-12-02,04:02,10,3,3
76.86,34.78,potassio,2024-11-30,22:04,5,5,3
38.33,29.54,potassio,2024-12-03,20:21,13,13,1
58.92,33.39,potassio,2024-12-03,17:24,7,1,1
54.09,20.57,fosforo,2024-12-04,21:10,10,12,2
62.03,25.61,fosforo,2024-12-02,08:27,15,6,3
70.67,17.2,potassio,2024-12-03,13:43,6,11,3
20.08,15.88,potassio,2024-12-03,01:52,12,4,1
69.5,29.01,fosforo,2024-11-30,13:57,15,11,1
55.25,29.9,potassio,2024-12-03,01:15,14,6,3
74.25,30.97,potassio,2024-12-04,03:42,10,6,2
21.92,31.77,fosforo,2024-12-02,05:33,5,3,2
59.67,29.02,potassio,2024-12-04,21:53,11,4,1
48.19,30.98,potassio,2024-11-30,13:18,15,12,2
32.24,27.95,fosforo,2024-12-02,07:51,13,7,3
68.51,34.91,potassio,2024-12-01,09:46,11,6,2
40.31,22.51,fosforo,2024-12-01,12:41,14,6,2
74.53,19.79,fosforo,2024-12-02,10:41,15,14,3
39.63,32.86,fosforo,2024-12-04,21:32,9,2,1
78.46,26.01,potassio,2024-12-01,19:41,9,2,3
20.37,31.84,potassio,2024-12-02,16:14,11,11,2
79.3,26.12,potassio,2024-12-01,00:14,13,12,2
20.44,34.22,fosforo,2024-11-30,22:28,10,10,2
76.44,29.24,fosforo,2024-12-01,23:54,15,15,2
65.81,15.96,potassio,2024-12-01,21:58,9,6,2
49.9,18.02,potassio,2024-12-02,02:24,14,7,1
67.53,32.84,fosforo,2024-11-30,05:00,8,3,1
63.0,16.13,potassio,2024-12-04,12:56,8,14,2
78.42,20.97,fosforo,2024-12-02,17:26,11,6,2
26.67,18.56,potassio,2024-12-03,11:00,15,13,1
35.29,30.98,fosforo,2024-12-02,16:37,15,15,3
36.37,23.43,fosforo,2024-12-02,21:53,15,12,1
23.6,28.7,fosforo,2024-12-02,23:24,12,12,1
29.95,34.19,potassio,2024-12-02,05:00,6,11,3
57.8,33.45,fosforo,2024-12-03,08:36,9,7,3
76.78,28.28,potassio,2024-11-30,20:13,8,15,2
40.01,34.75,potassio,2024-12-03,17:44,15,8,3
42.02,26.39,fosforo,2024-12-02,08:27,15,12,2
49.61,33.36,fosforo,2024-12-01,05:01,12,5,2
53.9,31.25,potassio,2024-12-03,05:07,11,7,3
58.08,26.77,fosforo,2024-12-03,11:54,13,11,2
36.6,17.88,fosforo,2024-12-02,10:10,6,2,3
45.32,19.8,potassio,2024-12-02,23:41,7,13,3
45.79,25.18,potassio,2024-11-30,10:05,12,3,1
73.62,31.46,potassio,2024-12-01,09:34,11,13,1
57.07,17.12,fosforo,2024-12-01,09:02,6,15,1
42.33,17.48,fosforo,2024-12-01,23:17,13,14,3
72.11,18.17,fosforo,2024-12-03,11:27,11,13,1
59.41,28.05,potassio,2024-12-03,06:17,11,7,2
45.61,22.43,potassio,2024-12-03,01:10,13,15,1
21.32,29.85,fosforo,2024-12-01,13:01,11,2,1
